Level1_mean,Level1_std,Level1_entropy,Level1_energy,Level2_mean,Level2_std,Level2_entropy,Level2_energy,Level3_mean,Level3_std,Level3_entropy,Level3_energy,Level4_mean,Level4_std,Level4_entropy,Level4_energy,Label,Audio File
-0.00081735454,0.8033439,5.935797853334975,35579.453,-0.00030587916,0.12944113,4.972162346268091,923.7253,0.00015785282,0.07613071,3.883516355460472,639.028,6.877664e-06,0.032516617,3.5422093578450435,233.14557,0,wav10s_00268.wav
-0.00019271026,0.21459155,4.679631163499268,2538.759,7.044859e-07,0.011207351,4.302052206513965,6.924713,4.7942945e-07,0.001434337,3.831367923990932,0.22683011,2.2547177e-08,0.00014827267,1.7408844831237331,0.004847733,1,stego_202.wav
0.00020710693,0.88378465,5.942156150723667,43061.465,5.616679e-05,0.2011806,4.792298216783182,2231.3523,0.00017119797,0.08646709,3.955905524521379,824.3311,-5.82838e-06,0.031786304,3.277450688516657,222.79044,1,stego_079.wav
-0.00027190876,0.30471963,4.977519971185505,5119.1406,4.8616096e-07,0.046673816,3.701226457099557,120.099846,8.457795e-06,0.03118965,3.510917729229392,107.255424,9.744731e-10,0.011361911,2.636713924991416,28.465528,1,stego_040.wav
-0.0005262872,0.7498051,5.708476732070092,30995.092,-0.00048228746,0.21149349,4.68638897177372,2465.9949,8.213781e-05,0.08361755,3.71623267831902,770.8921,5.7794223e-06,0.030304959,3.232277383863862,202.50883,0,wav10s_00126.wav
-0.004318157,0.8833554,6.062363902344196,43020.676,0.00015742939,0.22197214,5.095268448779509,2716.3953,-0.0002237804,0.07689278,4.442107082498247,651.88806,1.923191e-06,0.019751852,3.7094322684686567,86.02648,0,wav10s_00185.wav
0.00041449603,0.7920096,5.8417447457489535,34582.54,0.00084662036,0.20424666,4.927643518934626,2299.9229,7.611251e-05,0.09848723,4.193651503775774,1069.4448,5.1994664e-07,0.032026056,4.04377963273559,226.16397,1,stego_159.wav
-0.00016387975,0.23411648,5.018407933177163,3021.7607,-3.3508543e-06,0.012038089,4.2938422730494805,7.9893427,-2.9629916e-07,0.0016637258,3.8234023773066976,0.30518407,-5.1435283e-08,0.00016362999,2.007738673907757,0.0059039444,1,stego_200.wav
-0.00016862541,0.7399928,5.714729263391575,30189.152,-0.00027130917,0.18877658,4.364601841206244,1964.6854,-0.000101591475,0.08081021,3.822835953987748,719.99835,4.3864266e-06,0.02830415,3.296120050419596,176.65126,1,stego_110.wav
-0.000412567,0.60507804,5.546445018533842,20184.541,-0.00025494114,0.07474246,4.1349137009681645,307.98938,-3.3260643e-05,0.028884232,3.936515365248521,91.98575,2.0953842e-06,0.009926569,3.15426264745864,21.727749,0,wav10s_00222.wav
-0.0055801976,0.79797995,5.974897259576439,35107.598,3.1625008e-05,0.191519,4.9509694137927065,2022.1791,-0.00014415692,0.06534811,4.460581440657259,470.83255,-2.1410065e-06,0.0167663,3.2337714184067625,61.985626,1,stego_175.wav
-0.0049111187,0.51327974,5.624782489503684,14525.929,-6.73802e-05,0.05964868,4.052922305622595,196.15443,2.7609647e-06,0.023450727,3.083309767633164,60.633255,2.6979933e-06,0.0063901464,1.777119084012149,9.004056,0,wav10s_00171.wav
0.00031061564,0.7371199,5.720249821742234,29955.2,-5.250792e-05,0.21526277,4.728791528896583,2554.6638,6.173522e-05,0.07283338,4.243851276410331,584.87024,-1.0613551e-06,0.024134869,3.569761701010869,128.44179,0,wav10s_00117.wav
-0.00022585197,0.8026713,5.842347072599809,35519.87,-0.00044768603,0.19656976,4.916551924968466,2130.2546,3.0324425e-05,0.07842559,3.708734514872274,678.13165,2.1110588e-07,0.022488376,2.833245928386907,111.51485,1,stego_105.wav
4.9663922e-05,0.26435316,4.669331532478676,3852.6968,-1.6342276e-05,0.014072605,3.827285992303107,10.91806,-2.179852e-07,0.0021813943,2.827886805538093,0.5246463,-1.1499202e-07,0.00021800812,1.812704124095931,0.010480016,1,stego_212.wav
-0.00069728895,0.64298487,5.636596634803833,22792.809,6.848913e-05,0.09571554,3.7813108994771456,505.08093,2.1738217e-05,0.033415843,3.266413651832712,123.11285,-1.0772411e-07,0.010035725,2.9824281118939715,22.208235,1,stego_227.wav
-3.3057495e-05,0.19260436,4.67181232968321,2045.1641,8.881253e-06,0.00977217,3.983151405443591,5.264757,-6.808116e-08,0.0011836402,3.56720806874682,0.15446773,2.1182319e-07,0.00013360273,1.121921995717052,0.003935938,1,stego_203.wav
-5.8649784e-05,0.19322567,4.890104454175347,2058.3796,-6.408287e-06,0.010018991,4.466536516248227,5.534063,-2.0025401e-07,0.001266247,3.632881303035589,0.17678082,-2.6234543e-08,0.00011878148,2.383998244403767,0.0031110994,0,wav10s_00201.wav
-0.00013981629,0.5335066,5.413152301719561,15691.898,-6.939563e-05,0.06426305,3.8583590381994384,227.67697,-2.6735177e-05,0.033429254,2.613003405337593,123.21171,4.5114302e-06,0.014293553,1.6828270585199268,45.05022,1,stego_271.wav
-0.000695617,0.62283355,5.545087105065629,21386.531,-5.154989e-07,0.08323437,3.512427556823888,381.94534,-1.6529973e-05,0.053572733,3.2391920474364237,316.43597,6.159456e-06,0.02490159,2.916454262746228,136.73213,0,wav10s_00282.wav
-4.7270696e-05,0.39049366,5.293006141186954,8406.668,1.2411105e-06,0.043951876,4.842672380162758,106.500275,2.8261942e-07,0.018024351,3.464846374225495,35.81934,1.1989933e-07,0.010297,3.223200750413319,23.379644,1,stego_023.wav
0.0001264564,0.80810815,5.864457871870262,36002.684,-0.00021171906,0.17618851,4.721353470669818,1711.4008,-0.0001636165,0.083564624,4.406913549763202,769.9187,5.1630277e-06,0.03194437,3.9731430791490494,225.01169,0,wav10s_00165.wav
0.00026930813,0.770151,5.7930050221599245,32699.992,0.0004728574,0.16210106,4.587609666350522,1448.6763,5.616893e-05,0.083290234,4.103908074648944,764.8682,-4.4926683e-06,0.030502122,3.688301810508603,205.15239,1,stego_156.wav
0.00045502494,0.76580554,5.775316168665093,32332.033,-0.00023082958,0.18607645,4.960626479682675,1908.883,7.448981e-05,0.08913261,3.974839302862613,875.935,-4.978614e-06,0.03186307,3.764620183198725,223.86786,1,stego_149.wav
-7.291918e-05,0.26218373,5.1371369424195255,3789.722,-6.7221913e-06,0.013693541,4.530893677991519,10.337786,1.385369e-07,0.0017727121,3.8091021635681015,0.34647724,-5.5328364e-09,0.0001535651,3.831631038472469,0.005199978,0,wav10s_00199.wav
-7.1683346e-05,0.10239868,5.086286745742881,578.0759,1.9398021e-07,0.003564706,4.051040910483802,0.70055676,-4.232834e-08,0.00034321277,3.3124013517401703,0.012987489,-9.065932e-08,7.94729e-05,1.1766057461461277,0.0013926929,1,stego_214.wav
3.3488453e-05,0.5653599,5.420698217510925,17621.621,5.5460172e-05,0.045332998,3.1047334735071126,113.29884,0.000108411856,0.039100844,2.158325102979687,168.56752,5.4348593e-06,0.019738689,1.9544875499309788,85.91185,1,stego_261.wav
-6.273584e-05,0.30244035,4.887030793656705,5042.842,-1.3881811e-05,0.046190135,2.859624015187203,117.62358,-1.3783007e-06,0.024537485,2.678405205738022,66.383224,-2.1675137e-06,0.012027084,2.6070385664412306,31.896063,0,wav10s_00003.wav
-0.0012004094,0.5731584,5.488332956477929,18111.191,0.00017399492,0.072425626,3.846671812897172,289.1898,3.5354533e-05,0.027698278,3.4632732942345554,84.58718,-3.0222313e-06,0.009433188,2.849576151683332,19.621561,0,wav10s_00223.wav
-0.00024829077,0.6274973,5.614679752493959,21707.994,4.2300864e-05,0.06893456,3.69362230490785,261.98117,-3.1075155e-07,0.048444875,3.207385874395172,258.75812,5.8495025e-06,0.019868255,2.9466664686418365,87.043434,1,stego_251.wav
-0.00011408384,0.7496146,5.70103347711217,30979.326,-6.1577426e-05,0.2183122,4.813731749188892,2627.5557,2.9481265e-05,0.07265033,3.852266511367008,581.9338,6.100484e-08,0.022303611,3.411901114748723,109.68994,0,wav10s_00108.wav
-7.703234e-05,0.77373624,5.78417669033816,33005.152,-0.0007152613,0.1623398,5.06377270158654,1452.9622,4.554778e-05,0.08004169,3.752050077372578,706.3679,1.364167e-06,0.018172087,3.824385471164738,72.81589,1,stego_103.wav
-0.00046332012,0.760211,5.7527623772600975,31861.363,0.00029883307,0.17346218,4.207826875004144,1658.8486,-0.00015467215,0.08530901,4.083084772343949,802.39746,-4.865405e-07,0.035623323,3.333861045104125,279.82425,1,stego_120.wav
0.0008537015,0.5213536,5.30594084428717,14985.173,0.00015235528,0.1396511,4.418837019767806,1075.19,0.00021628657,0.058554985,3.7921360930890833,378.035,1.6277346e-08,0.018007033,3.425121641311776,71.49914,0,wav10s_00068.wav
0.0006535048,0.8041074,5.834318405387754,35647.11,0.00021493838,0.18281993,4.931694829472158,1842.6531,-5.0340743e-05,0.08277609,4.058349985569921,755.45435,-5.716567e-06,0.03117651,3.651337884309893,214.32433,1,stego_164.wav
-0.00026109372,0.8542513,5.908296788803924,40231.594,1.8065624e-05,0.19361535,4.449142177056371,2066.6904,-5.4086326e-05,0.088816166,3.632532856480904,869.7263,-6.049798e-06,0.03131148,3.0714349036288,216.18407,1,stego_131.wav
-6.413491e-05,0.22019881,5.420748749129501,2673.1655,6.673233e-05,0.036554508,3.2764453285021875,73.66806,-2.6954665e-05,0.0122389225,3.751518679209256,16.515312,-2.2138894e-07,0.0028357436,3.85123027183566,1.7731699,0,wav10s_00180.wav
-0.00015260647,0.54350936,5.263974801810442,16285.83,9.623589e-06,0.10291876,3.881509624308572,583.9625,0.00023867175,0.07053134,2.758172573014547,548.4885,-8.711429e-06,0.030237151,2.863965714694198,201.60358,1,stego_009.wav
-0.0001139291,0.74961495,5.701033656410348,30979.354,-6.1968676e-05,0.21831234,4.81373819776798,2627.559,2.9521252e-05,0.07265027,3.852267396204788,581.93286,-1.25054e-07,0.022303732,3.4119354624981155,109.69115,1,stego_108.wav
3.4699693e-05,0.8270767,5.831930097488055,37712.68,0.00025468192,0.2417597,4.635816927567447,3222.2866,7.723985e-05,0.0944664,4.023911299210082,983.9054,8.3047235e-07,0.032217644,2.9520262769486147,228.878,0,wav10s_00138.wav
0.0001514507,0.6656194,5.558013775437287,24425.744,0.00015426845,0.2574369,5.09605427435311,3653.7402,0.00024822887,0.08079098,4.339550053160285,719.6614,8.2531756e-07,0.02915557,3.359248739333405,187.4388,0,wav10s_00084.wav
0.0006810515,0.49211693,5.133203853920134,13351.6,-2.5951433e-05,0.13891914,4.184478870594171,1063.9473,3.3686723e-05,0.04175814,3.480344430949301,192.25641,-1.00013075e-07,0.01221909,2.770585834250192,32.922607,0,wav10s_00070.wav
0.0017114903,0.59602535,5.503421438956674,19585.24,-3.0268113e-05,0.13899486,4.70423123496467,1065.1073,-7.089667e-05,0.041714754,3.614048766515293,191.85754,8.4169005e-07,0.011043986,2.0276700844853344,26.894789,1,stego_182.wav
-0.0008349882,0.6089274,5.571497806036049,20442.205,1.1792766e-05,0.062631816,2.925264844674508,216.26486,3.2045846e-05,0.039538987,3.053059937698954,172.36522,-3.047289e-06,0.019199293,3.0175607992318287,81.28061,1,stego_232.wav
-0.00066813757,0.73709637,5.711402329853859,29953.305,-0.00031134492,0.18348792,4.414528198686905,1856.1459,-0.00020423804,0.09309005,4.1901915759727135,955.4477,-3.1897773e-06,0.029857362,3.6207118943957775,196.57094,0,wav10s_00109.wav
-0.00037205592,0.7490077,5.751598856268598,30929.19,-0.00015814196,0.17916834,4.6211343823371145,1769.7782,-0.00038643292,0.07913987,3.94002479679321,690.5567,1.9309794e-06,0.032963924,3.381115306662492,239.60414,0,wav10s_00112.wav
0.00014978962,0.76844144,5.785609076197144,32554.98,-0.00023549102,0.13785411,4.38036685962813,1047.6991,0.00012967686,0.061528064,3.254903869858828,417.3945,-4.4192775e-06,0.01658384,3.395458013184369,60.643852,0,wav10s_00090.wav
0.0001964318,0.14928146,4.716913277414473,1228.594,-3.9213934e-05,0.025235739,3.539505089074208,35.10985,2.3606759e-05,0.016098585,1.816379612592708,28.574234,5.059386e-09,0.005876496,2.182160699124374,7.61471,0,wav10s_00026.wav
-0.0008099897,0.7919556,5.924468710079426,34577.848,-8.125412e-05,0.10136239,4.6412714121146905,566.43475,9.9014425e-05,0.053564396,3.6020304492414508,316.33856,1.2143731e-06,0.02579386,3.475773367059044,146.70645,0,wav10s_00267.wav
0.00038357003,0.6861273,5.603458150390038,25954.068,-4.868477e-06,0.256182,5.0735747679358685,3618.2039,-2.8697732e-05,0.08341868,4.396023696659625,767.2291,3.959618e-07,0.03010476,3.546000101300984,199.84203,0,wav10s_00083.wav
8.2546256e-05,0.40446693,5.285413711379255,9019.074,0.00030624305,0.080428265,4.708748384903145,356.63144,-3.405633e-05,0.045255493,3.681153429003698,225.80894,-1.928084e-08,0.0100789135,3.386686413899146,22.399786,1,stego_030.wav
-6.3697575e-05,0.64195484,5.646405892981472,22719.816,0.00027720226,0.08420029,3.635288269967141,390.86594,2.3390745e-05,0.034878984,2.6456174307417286,134.13008,-2.9182195e-06,0.009248931,3.385615950518637,18.862513,1,stego_276.wav
0.00010190471,0.64307415,5.6653029362457925,22799.113,-8.535499e-05,0.08850719,3.528603404217671,431.87036,0.00011842311,0.05475343,3.3266676781305864,330.5392,3.6742074e-06,0.02436484,3.192349628777252,130.9012,0,wav10s_00283.wav
0.00085999345,0.5148349,5.203196457104196,14612.785,-0.0002336461,0.15174963,3.419240073858786,1269.557,-3.69114e-05,0.04284142,2.898898509162177,202.36078,-1.6397104e-07,0.010176628,2.629031456860971,22.836226,1,stego_061.wav
-0.000835407,0.60892785,5.571496142826722,20442.234,1.1924803e-05,0.06263184,2.925290768929376,216.26498,3.1919015e-05,0.039539058,3.053063051123314,172.36586,-3.3231036e-06,0.019198982,3.0174931654209685,81.277954,0,wav10s_00232.wav
0.00033951123,0.88011616,5.983237889990909,42704.727,-0.0007508912,0.12739067,4.293502609134785,894.71814,-0.00032536648,0.08466766,3.675102154116763,790.38715,1.54637e-06,0.03384857,3.3167122157837965,252.63705,0,wav10s_00073.wav
0.00024745052,0.11346531,4.778619105605143,709.78076,-4.8125246e-05,0.01893401,3.429467716875118,19.76441,-1.2721206e-05,0.012946114,1.714979580560846,18.478962,-3.5956002e-10,0.0033708124,2.160459421583948,2.5054495,1,stego_024.wav
-0.0007548525,0.6340622,5.658457164737144,22164.61,-6.644501e-05,0.09017145,4.038985765207624,448.2643,-5.3378568e-05,0.035744924,4.036096099309922,140.87308,6.288609e-06,0.0107194,3.2716086886887794,25.337132,0,wav10s_00224.wav
-0.00053866836,0.43248817,5.378675531636705,10312.05,-0.0002438014,0.09533265,4.819543463728377,501.05118,9.399285e-06,0.054123316,4.270436558105602,322.9736,1.0768061e-07,0.012444632,3.7279513662993136,34.149204,1,stego_042.wav
-0.0049111415,0.5132798,5.624784484522487,14525.932,-6.764338e-05,0.059648573,4.052901347304784,196.15373,3.0699757e-06,0.023450943,3.083409356514278,60.634377,2.7799301e-06,0.00639074,1.7773664225870276,9.00573,1,stego_171.wav
-0.00012815895,0.8872072,5.930680213861923,43395.633,0.00057693594,0.19118822,4.597249380103677,2015.218,-0.00050400774,0.07135779,3.696426245944161,561.4391,2.9359524e-06,0.029023021,2.921599257736568,185.7384,0,wav10s_00140.wav
-0.0004381597,0.6085944,5.554551000344999,20419.826,-8.881171e-06,0.06685904,3.2774251420564418,246.4428,-9.870614e-05,0.042498708,3.2834452818926243,199.13705,4.8738652e-06,0.020978019,2.874697335666574,97.0388,0,wav10s_00238.wav
-0.0003025666,0.6449011,5.462588921344956,22928.846,-0.000109245055,0.21087113,4.6302058125479855,2451.4907,0.000101500154,0.074721016,3.5953751567431937,615.5802,2.207877e-06,0.030070314,2.738995221457935,199.38496,1,stego_134.wav
-0.0001229602,0.5902937,5.363578380434205,19210.21,9.638316e-05,0.087489665,3.971453146291652,421.99756,-0.00023943846,0.061641786,3.1545728529578985,418.94336,-1.0535502e-05,0.02920829,3.0059275970638173,188.11736,0,wav10s_00008.wav
-0.00014344425,0.79583627,5.819887987859491,34917.516,0.0006576714,0.1854106,4.940096090389535,1895.2675,2.3115523e-05,0.077087514,3.4843566284908425,655.1887,-1.3379163e-06,0.020730017,3.373331625843516,94.75798,1,stego_100.wav
-0.00071616354,0.77635485,5.759069493300953,33228.96,-4.4196036e-05,0.21814324,4.77989479849563,2623.4897,9.04505e-06,0.077450484,4.2302956977134825,661.3732,-4.348996e-06,0.02895951,3.4248396187544605,184.92639,1,stego_124.wav
-6.547155e-05,0.4963705,5.2002541397140245,13583.38,0.0003605345,0.07143768,3.173183483216901,281.3595,0.00018737892,0.05439781,2.778769850691281,326.2618,-5.816939e-06,0.022689344,2.642662057103944,113.516884,1,stego_007.wav
0.00036741808,0.8347336,5.9475170655015335,38414.195,5.986361e-05,0.17146444,4.7184116367846975,1620.8547,-6.533401e-05,0.08141114,3.743907359455228,730.7456,1.0848538e-07,0.027934993,3.4129549108561767,172.07336,1,stego_072.wav
-0.00053744187,0.43248624,5.3786634885320765,10311.958,-0.00024305219,0.095332555,4.819527584792183,501.05014,9.1634265e-06,0.0541232,4.270427796183509,322.97223,-5.3472228e-08,0.012444263,3.727925348534056,34.147182,0,wav10s_00042.wav
0.00016041867,0.2571971,4.682537023831623,3646.937,-6.1843595e-05,0.046597477,3.925635098002101,119.70754,-2.0568013e-05,0.028526891,3.3582295923605634,89.72375,-1.1672072e-07,0.010213253,2.737468824966124,23.00089,0,wav10s_00028.wav
0.0009572082,0.5454535,5.33830564318249,16402.6,0.00018389199,0.14786214,3.3451269076813723,1205.3427,2.4411518e-06,0.051635522,3.247675382052944,293.96487,-2.4235143e-07,0.015083945,2.9698492735660444,50.170258,1,stego_069.wav
-0.00013136472,0.7854859,5.833292216262993,34015.176,0.0004124883,0.20491874,4.889171132957146,2315.0532,0.00017385636,0.0824338,4.003613943308073,749.22266,-9.567498e-07,0.02185434,3.63116996504876,105.3154,1,stego_094.wav
0.00020671876,0.7776312,5.797975900425016,33338.29,-0.00048523798,0.18002972,4.856263522423786,1786.8474,0.00015230209,0.08241798,4.133792899362496,748.9342,-8.0748487e-07,0.030078823,3.8024570205049457,199.49782,0,wav10s_00144.wav
-0.00041109716,0.80493426,5.817560971065954,35720.44,0.00010727017,0.19654243,4.897410615670401,2129.652,-0.00012882835,0.07940963,4.143469241612188,695.25757,3.4937608e-07,0.028302213,3.5612364627399606,176.62708,1,stego_121.wav
-0.0006331058,0.57026535,5.4804492408285554,17928.768,0.00024512608,0.06758282,3.782695155978757,251.81071,-4.51118e-05,0.025732484,3.430085431295732,73.006744,3.2498483e-06,0.009092925,2.539392644221761,18.231556,0,wav10s_00220.wav
9.363601e-05,0.80712545,5.835377529907922,35915.18,0.0016361316,0.17860217,4.10448923945023,1758.7571,4.3438515e-05,0.08713607,3.4169791867270094,837.1327,2.9650678e-07,0.032754846,3.0708457725664746,236.57433,0,wav10s_00139.wav
-0.00030177186,0.831309,5.908389174024292,38099.64,-0.0008509052,0.16947338,4.485028201699923,1583.4697,0.00014840082,0.08460608,3.397311058949408,789.22845,3.0747042e-06,0.031968288,2.6637957807771846,225.34879,0,wav10s_00136.wav
-0.00064276456,0.64416575,5.654916317961695,22876.604,-0.00022536349,0.0773209,3.896781536070349,329.60474,-1.7093922e-05,0.036716983,3.2071287560531063,148.63889,-2.6311175e-06,0.016612563,2.877702640556955,60.854095,0,wav10s_00237.wav
-0.00028992796,0.7745556,5.779571813089812,33075.098,-0.00012149406,0.16083927,4.471774436951143,1426.1997,-5.8537516e-05,0.074448474,3.878075944157256,611.0969,-3.4392851e-06,0.027393322,3.6783199475214654,165.46492,0,wav10s_00119.wav
-0.00017956173,0.58194005,5.457835579004303,18670.352,-0.00026626588,0.08459257,3.829143268164236,394.5161,-5.9455115e-06,0.03759725,2.911682121901036,155.85132,-2.3078954e-05,0.012387775,2.683632843558453,33.837994,1,stego_287.wav
0.0006799751,0.5212991,5.282697785142146,14982.026,-0.00017785592,0.14300133,4.19296983228541,1127.3967,9.482998e-06,0.042231,3.1658806656291505,196.63512,-1.469985e-07,0.010285151,2.816566506153703,23.325869,1,stego_062.wav
-0.00044413004,0.6275212,5.640297828487255,21709.658,0.00041962782,0.0936101,3.978102787936957,483.11444,4.7085883e-05,0.046566233,3.4046247990783645,239.07875,5.385549e-06,0.026403876,3.3871307649374027,153.72758,1,stego_300.wav
-8.1064856e-05,0.5455164,5.324384826823977,16406.328,8.9835616e-05,0.0566555,3.697539214332539,176.96246,-5.0732928e-05,0.046627533,2.9774745501900712,239.70859,-5.348728e-06,0.022687608,3.075700666096174,113.4995,0,wav10s_00016.wav
-2.3933884e-05,0.52724695,5.223107368059495,15325.832,-8.4313535e-05,0.08405868,3.175817384623614,389.5484,-3.485094e-05,0.054411285,3.0431883684723533,326.41983,-3.4793973e-06,0.02674678,3.4711773405744246,157.7464,1,stego_014.wav
0.00035305845,0.7412314,5.746845646876411,30290.3,-0.00025304515,0.1358465,4.239785112053019,1017.4059,-0.000121752906,0.056968987,3.659532093634743,357.8304,-1.8890347e-07,0.015574542,3.1293034461255016,53.48685,0,wav10s_00098.wav
0.000748899,0.4595416,5.023296072992107,11642.512,0.00028304983,0.10131812,3.742863739591234,565.9441,-2.5202982e-05,0.044074204,3.0342829819393207,214.17427,1.4053307e-09,0.01470487,2.7537640415161624,47.680286,0,wav10s_00066.wav
-8.171367e-05,0.43032953,4.93650530251333,10209.353,2.802415e-05,0.046835706,3.467730463148128,120.934494,-6.198201e-06,0.020768736,2.371054625233634,47.557434,1.6465783e-06,0.008988024,1.4475534558953207,17.81332,1,stego_249.wav
-0.00012000936,0.56543845,5.571723309275736,17626.52,4.4670953e-05,0.049517736,3.708299127969485,135.18167,2.5848563e-05,0.01911354,3.392265456406026,40.279255,6.506236e-08,0.005336253,3.125085004145385,6.278983,1,stego_272.wav
0.0008428286,0.5261058,5.233321750853236,15259.602,0.00012662711,0.14965951,4.591237792339544,1234.8231,-2.5248397e-05,0.0550408,3.45919560950012,334.01642,9.077489e-09,0.01472252,3.0204727585157056,47.79481,0,wav10s_00067.wav
0.00058072974,0.60241073,5.541273878547652,20006.986,0.0007356088,0.0791052,3.5147033768925464,345.0194,-3.4283654e-05,0.0562567,3.089002545490388,348.93695,-2.1252415e-06,0.02811607,2.675053714029682,174.31137,0,wav10s_00278.wav
-0.0065384307,0.6410182,5.74785397886463,22655.922,-8.2942795e-05,0.064046055,4.444267991713266,226.14207,-2.904994e-05,0.02420079,2.682393773037949,64.57406,-3.812416e-06,0.007178197,1.2476096270902362,11.361803,0,wav10s_00172.wav
0.00069899583,0.7192984,5.693673019239155,28524.268,4.867257e-05,0.16792181,4.6116077866877045,1554.5696,0.00016713837,0.082683705,4.104284362147126,753.7719,-2.7164779e-06,0.031183627,3.75452637467868,214.42221,1,stego_157.wav
-3.0594427e-05,0.6070165,5.526640926271801,20314.064,-0.000101703656,0.053991012,3.759553908183292,160.70905,8.434121e-05,0.036200438,2.3208107432740124,144.48685,5.9271615e-06,0.017580008,2.1584682226089558,68.148254,1,stego_260.wav
-0.00013882297,0.5195814,5.38135439869356,14883.429,-0.00012898455,0.12778771,4.425424334785925,900.27374,5.6265504e-05,0.054535918,3.493517352109089,327.91705,5.6588824e-08,0.017481651,3.1318661546734403,67.38782,1,stego_059.wav
-0.0001371257,0.27847585,5.199209290770501,4275.3438,-4.1577264e-06,0.015238865,4.729583334615946,12.802688,4.5180826e-08,0.0018801292,4.1671077882124665,0.38973883,-1.2243598e-08,0.00015913171,3.35487568682815,0.0055838013,0,wav10s_00196.wav
0.00026676315,0.9033887,5.994267441420183,44993.027,-7.3641335e-05,0.19733417,4.917033638917975,2146.844,4.8840036e-05,0.08816183,3.848334545997983,856.9582,-2.8654529e-06,0.031023312,3.080958987519144,212.22316,1,stego_081.wav
-0.007243961,0.6740627,5.747174282067409,25052.248,0.00010871476,0.19137982,5.243476856329941,2019.2417,2.8649345e-06,0.053702254,3.972472264401061,317.96796,2.0631862e-06,0.015308073,3.141653062662753,51.67227,1,stego_179.wav
-0.00033257945,0.6733176,5.741045504494933,24994.012,-0.0003590403,0.12405224,4.4499262434628255,848.41583,-3.5463792e-05,0.07517016,3.6986995417710977,623.0019,-1.0302209e-06,0.031135932,3.0334625234127195,213.76678,0,wav10s_00294.wav
-0.00020914835,0.89319724,6.024348068952755,43983.59,0.0007892334,0.14696808,4.354934387600628,1190.8427,0.00021698436,0.09378669,3.8277628519927935,969.8019,-5.707578e-06,0.03568595,3.610854534711275,280.80896,0,wav10s_00074.wav
-0.00038334916,0.60524005,5.352186478326956,20195.35,-0.00019377113,0.10793204,4.232824620340697,642.24097,0.0002503604,0.06874828,3.1943249312090782,521.10803,-1.4719486e-05,0.033154693,2.8832876437541985,242.38548,0,wav10s_00018.wav
-7.1839146e-05,0.102398664,5.08630144842015,578.0756,7.783309e-07,0.003563859,4.049827837910733,0.7002239,-2.1970754e-07,0.00033878392,4.01956571125048,0.012654476,-6.712566e-08,6.044234e-05,5.022949597472584,0.0008055631,0,wav10s_00214.wav
-7.899742e-05,0.56165195,5.296180734161072,17391.234,-7.734968e-05,0.085226975,3.0742959090080864,400.4519,0.00012061008,0.069087096,2.7540443824296355,526.2517,-6.066076e-06,0.027756438,3.826017560170337,169.88065,0,wav10s_00006.wav
0.0010047874,0.70281357,5.802090238168078,27231.84,-0.0004972871,0.12314989,4.6792181783617535,836.1246,0.00020571414,0.07996433,3.7698051618221418,705.0076,-5.870843e-06,0.035411093,3.328516647226583,276.50006,0,wav10s_00298.wav
-0.00024730587,0.6274974,5.6146796862306,21708.0,4.225247e-05,0.06893446,3.69350805818065,261.98038,-4.117283e-07,0.04844483,3.2072506392561757,258.75766,5.741777e-06,0.019868147,2.9463931680401987,87.04248,0,wav10s_00251.wav
-0.0054156166,0.8290225,5.942206431005038,37891.965,-6.2511914e-05,0.1711401,4.7349691461895045,1614.7285,-2.1418651e-05,0.06056633,4.329175603465865,404.44632,-4.9425944e-06,0.016119616,3.492142583079453,57.29621,1,stego_184.wav
0.00028338056,0.58619034,5.348738873597402,18944.07,0.0002577868,0.12985118,4.521547664266136,929.5856,-3.0096102e-05,0.045856044,3.081373164969633,231.84177,-8.195828e-09,0.013065066,2.744633493695383,37.63914,0,wav10s_00097.wav
-0.00018435456,0.60894567,5.468480104451193,20443.396,-1.1315669e-05,0.1354604,4.584698626613188,1011.6275,6.225072e-05,0.08032114,3.54042410592978,711.30896,-1.0519166e-05,0.035278134,3.307968035150818,274.42758,0,wav10s_00019.wav
0.0011085896,0.53293896,5.263336848077123,15658.591,-3.6651636e-05,0.12455895,4.316162849876418,855.3538,-0.00016972408,0.0512567,3.229246704978908,289.67056,-1.6219213e-08,0.01810048,3.051575939877143,72.24315,0,wav10s_00060.wav
-0.0008963299,0.7029702,5.752203215964152,27243.975,1.2684678e-05,0.09088664,4.442765318350148,455.40314,-0.00040199546,0.052028432,3.3214378516348613,298.47345,-1.6658212e-05,0.024721803,2.875622625309724,134.76494,1,stego_265.wav
-0.0037122446,0.21934322,5.634710773131691,2653.192,-1.6994833e-05,0.017447598,4.44998861002906,16.782925,4.1540106e-06,0.0063197115,2.92844973622232,4.403449,2.7318968e-06,0.001444695,2.778209075301587,0.46022525,1,stego_167.wav
-0.00021800987,0.63003635,5.420880812016198,21884.025,-1.0119959e-05,0.13229351,4.432295501242231,964.8791,0.00040673697,0.07840665,3.3678244119062613,677.8221,-4.127259e-06,0.0349255,2.890391458108201,268.96872,0,wav10s_00010.wav
0.00038791602,0.772713,5.780933484471669,32917.92,-4.7839618e-05,0.179485,4.925405553372405,1776.038,0.00013276582,0.08334492,4.182611898593941,765.87463,1.2447304e-06,0.030656828,4.031460726617493,207.23872,1,stego_163.wav
-8.141423e-05,0.4303294,4.936492815933834,10209.349,2.8453014e-05,0.04683564,3.467671361200557,120.93414,-6.237094e-06,0.020768592,2.3710457142511885,47.55679,1.6368925e-06,0.008987857,1.4469722894725765,17.81266,0,wav10s_00249.wav
-0.00013675769,0.27745193,5.045856761321544,4243.962,1.8992251e-06,0.015729928,4.404995212153665,13.641101,-2.5298976e-07,0.0023366688,3.596264829056261,0.6019946,2.5444995e-09,0.0002083854,3.1112849504131286,0.00957527,0,wav10s_00207.wav
0.00011931856,0.4063571,4.918201471280062,9103.568,-0.00042459505,0.13341188,3.1035338402467443,981.2719,5.2026233e-05,0.044120427,2.6343601611751195,214.624,2.7262168e-08,0.007943792,2.6327371460424827,13.914648,0,wav10s_00063.wav
-6.255367e-05,0.35500953,5.000815152905883,6948.2563,1.0424168e-05,0.02107494,4.291882402775787,24.486607,1.4277218e-07,0.003150123,3.7743245614614502,1.0940906,-7.501889e-08,0.00027990868,3.520436330195765,0.017276242,0,wav10s_00205.wav
-0.0006437213,0.6441663,5.654916935739385,22876.646,-0.00022530876,0.07732152,3.8968189722293927,329.60992,-1.696263e-05,0.03671757,3.207123905976456,148.64362,-2.8476982e-06,0.016612457,2.8777373951870926,60.85331,1,stego_237.wav
-8.001335e-05,0.2679399,5.1834708442963375,3957.9531,-9.141108e-06,0.102509014,3.8354283380055088,579.322,1.7634504e-05,0.042292237,3.4266325192184337,197.20578,3.6230706e-08,0.008339757,3.015515080423762,15.336395,0,wav10s_00034.wav
-0.0013512172,0.7952435,5.93412364391107,34865.62,0.00016965547,0.09611598,4.757535629668265,509.3172,3.1904638e-05,0.05419139,3.6904559863305737,323.7866,-1.2493654e-05,0.027486464,3.3292292194633872,166.59212,0,wav10s_00255.wav
0.00085298583,0.52135384,5.305941111224165,14985.19,0.00015192085,0.13965106,4.41881503255153,1075.1891,0.0002160731,0.058554873,3.79209988485367,378.0335,-2.1126993e-07,0.018007189,3.425297133883685,71.50038,1,stego_068.wav
-0.0072438526,0.6740627,5.74717144853649,25052.25,0.000108749766,0.19138004,5.243479423695747,2019.2463,2.983466e-06,0.053702325,3.9724596702045063,317.96875,2.216186e-06,0.015307936,3.1416257363287907,51.67135,0,wav10s_00179.wav
-0.0047400943,0.23883398,5.593380725243547,3146.003,-1.8062365e-05,0.022245932,3.900468284071904,27.283329,-8.783264e-06,0.008158627,3.3878009548632524,7.3389344,7.0499465e-07,0.0018908423,3.183145812787875,0.7883648,0,wav10s_00168.wav
-0.00021819444,0.63003623,5.420880812016198,21884.016,-1.025115e-05,0.13229355,4.432290440508275,964.8798,0.00040704696,0.07840669,3.3678352933014475,677.8228,-4.2617316e-06,0.03492551,2.890372885659179,268.96884,1,stego_010.wav
-2.2239008e-05,0.1765341,4.630061379108311,1718.1184,1.4593846e-06,0.010247027,3.554257941579686,5.78884,2.1113381e-07,0.001591837,2.630321495116208,0.27938014,-2.714718e-08,0.00018189514,2.482584202578213,0.007295561,0,wav10s_00193.wav
-0.00053823413,0.5541066,5.378560824103251,16927.113,4.2671836e-05,0.053880114,3.088413906527532,160.04906,-7.806607e-05,0.043865774,2.6850301915965997,212.15402,-8.686934e-07,0.02057047,2.3334203456522715,93.30501,1,stego_231.wav
-0.008516618,0.8895239,6.05134851993861,43626.562,-0.0002629509,0.26831293,5.341160900402001,3968.985,-2.4383875e-05,0.08153268,3.972015469712862,732.9287,-2.301329e-06,0.020136092,3.692252377648445,89.406044,0,wav10s_00186.wav
0.00014558842,0.789319,5.80181703810188,34347.957,-0.00041727428,0.20130938,4.263640788973444,2234.2195,0.00012005896,0.08470205,3.784217312234039,791.01917,-9.48306e-06,0.03323983,2.872336282787748,243.63187,0,wav10s_00142.wav
0.0006382462,0.7955272,5.824233468574427,34890.42,0.0001190358,0.18370181,4.677043049700572,1860.471,-7.090367e-05,0.08537476,4.128681335704954,803.63257,1.897917e-06,0.031672288,3.554269680268799,221.195,0,wav10s_00145.wav
-0.00028156128,0.17505315,4.290079041372569,1689.4167,1.1802853e-05,0.032834016,3.737148441529631,59.435234,1.5141721e-05,0.021185134,2.1004769374669823,49.483566,-5.043963e-08,0.0057138526,2.6223796861822017,7.199039,1,stego_038.wav
-0.00042743018,0.61020654,5.562720589782341,20528.15,0.00016665398,0.06737894,3.257376239776597,250.29193,8.320715e-05,0.032538638,2.468817997211139,116.73468,4.0584573e-06,0.013176882,2.17554321682483,38.286163,0,wav10s_00229.wav
0.000379068,0.88447446,5.974700014725943,43128.72,-1.6595915e-05,0.15541866,4.308092954552645,1331.6871,0.00048124045,0.09612485,3.8250922014328856,1018.7802,1.3000254e-05,0.03702223,3.522044069352853,302.2328,0,wav10s_00077.wav
-0.0002470797,0.26350734,4.282376498544446,3828.0864,-3.4178452e-06,0.02079115,3.075339916444465,23.831589,2.4691528e-07,0.0027566836,2.623471380690293,0.83786136,-2.0204067e-07,0.00023472376,1.9701852026401965,0.012148732,1,stego_213.wav
-4.4854755e-06,0.12226965,4.629321072209178,824.2012,6.2913327e-06,0.0046219965,1.9919047844893485,1.1777575,-7.250828e-07,0.001563668,1.2343962308542944,0.2695799,1.3658654e-08,0.0003504362,0.8416316590356135,0.027079111,0,wav10s_00245.wav
-6.316964e-05,0.3024403,4.887022009388414,5042.8394,-1.4148522e-05,0.046190634,2.8596497729986083,117.626114,-1.2413238e-06,0.024537506,2.6784306073165265,66.38335,-2.1067237e-06,0.012027297,2.607275033524276,31.8972,1,stego_003.wav
0.00026865824,0.770151,5.7930050221599245,32699.996,0.00047285983,0.16210069,4.587591628135892,1448.6694,5.641985e-05,0.08329008,4.103889476707949,764.8653,-4.39423e-06,0.030502023,3.688268902541382,205.15106,0,wav10s_00156.wav
-3.6062844e-05,0.49062398,5.140191293429596,13270.6875,-5.5337216e-05,0.06554875,3.695837150533535,236.87814,9.7568176e-05,0.040997446,2.437352398244127,185.31657,2.9518478e-07,0.019919971,2.0595979803953357,87.49714,0,wav10s_00012.wav
-0.0047398764,0.2388332,5.593359743212604,3145.9824,-1.7922837e-05,0.022246964,3.900629174112334,27.285858,-8.538595e-06,0.008159269,3.3879318728011847,7.3400884,7.8550653e-07,0.001892406,3.183954116784919,0.78966933,1,stego_168.wav
0.00017709215,0.63215166,5.389109612785664,22031.215,-0.000121375604,0.09893218,3.3061679607287666,539.5997,-0.00031159315,0.06240228,2.6671620849807165,429.34857,-1.1061464e-05,0.02798467,2.3357706827216504,172.68588,1,stego_133.wav
-0.00013785916,0.2784769,5.199214912591176,4275.3765,-4.626764e-06,0.015238738,4.729523776120228,12.802474,2.3847375e-07,0.0018820296,4.168086397008837,0.39052716,2.388291e-08,0.00017970004,1.8272938733890896,0.007120537,1,stego_196.wav
-4.70113e-05,0.39049363,5.293006733963094,8406.665,1.2982339e-06,0.04395162,4.842663411358188,106.49904,2.8819417e-07,0.018023564,3.4648360746150946,35.816216,1.71318e-07,0.010296697,3.223223002445917,23.378267,0,wav10s_00023.wav
-0.00017661692,0.623566,5.427232649778413,21436.838,0.00023577402,0.2212627,5.106260221266951,2699.061,-9.509127e-05,0.065028004,4.179754965000117,466.22992,6.538521e-07,0.018746713,2.671354513136111,77.49375,1,stego_071.wav
-0.0012656862,0.73907894,5.818659410734393,30114.715,9.308809e-05,0.0899557,4.537385146076575,446.12216,0.00017515174,0.05406319,3.1967616018147917,322.2599,-4.056438e-06,0.023350075,2.571349401072712,120.22453,0,wav10s_00257.wav
-0.0002091608,0.8931966,6.024348068952755,43983.527,0.0007889946,0.146968,4.354924598144442,1190.8417,0.00021691849,0.093786776,3.827760018249612,969.80383,-5.668075e-06,0.03568596,3.6108816008874007,280.80914,1,stego_074.wav
-0.00015249375,0.56691295,5.418907160433945,17718.57,-1.1450427e-05,0.059477806,2.959182632683204,195.03194,-3.0031748e-05,0.024822772,2.949241332614839,67.93592,2.5919737e-06,0.008764047,2.4263149804271364,16.936588,0,wav10s_00219.wav
-0.0013410113,0.7796736,5.901337253904983,33513.727,0.0005121169,0.11818486,4.586809822502743,770.06555,7.9687496e-05,0.05608261,3.758779530481746,346.78125,-4.3908503e-06,0.024881616,3.2765922432662298,136.5129,1,stego_270.wav
0.0018157441,0.6677869,5.737666586586193,24585.264,0.00069252716,0.12579812,4.3692957318336925,872.4836,9.297489e-05,0.07538565,3.882267147666803,626.5798,3.3468456e-05,0.032754563,3.3704435330761338,236.57045,1,stego_296.wav
-3.950584e-05,0.52722275,5.506216783398997,15324.425,1.3226136e-05,0.04020624,2.5211601627967197,89.121574,7.111856e-05,0.03345991,1.8545120855310808,123.43823,-2.7016602e-06,0.0145862745,1.5987154461468984,46.914295,1,stego_262.wav
-3.8960763e-05,0.37712887,4.835618295532111,7841.0713,0.00050557725,0.06141478,3.535503292596443,207.95584,2.5856234e-05,0.020943668,2.3377447790725654,48.36202,2.268726e-06,0.004780362,1.941293637014892,5.0389266,1,stego_275.wav
-0.0005664617,0.75497425,5.705100665821218,31423.922,-0.00014466682,0.19023958,4.445405051702037,1995.2527,-8.0889615e-05,0.09525359,4.012936015309211,1000.37164,-2.367525e-06,0.029325407,3.535864849058701,189.62892,0,wav10s_00115.wav
-0.00023074375,0.75333464,5.748916835090193,31287.568,0.00013651655,0.21216738,5.114809075773955,2481.723,0.0001840415,0.06757032,3.597978458431188,503.4003,-1.3530431e-06,0.018195018,2.6719362224988443,72.99977,1,stego_088.wav
-0.00020849243,0.81511545,5.833704240350628,36629.77,0.0001769766,0.21767265,4.450488110203971,2612.1846,0.00011073327,0.091428444,3.913495023924926,921.6404,-1.302438e-05,0.03375454,2.997834329542136,251.23549,1,stego_141.wav
-0.00021461173,0.27424023,5.293858502814987,4146.279,1.6182594e-05,0.016009353,4.122069960485447,14.130055,-3.2773207e-07,0.0024978726,3.359460542606173,0.6879214,6.2890976e-08,0.000245757,2.8559458274594163,0.01331767,0,wav10s_00210.wav
-0.0007262484,0.6094912,5.553808047606555,20480.066,-0.00018172117,0.07702564,3.452529622176358,327.0912,-2.7257358e-05,0.048160583,3.0020728534763386,255.73013,-2.350559e-06,0.023550706,3.224787496349039,122.2994,1,stego_241.wav
-0.00080908404,0.8322784,5.991241663917074,38188.582,3.565535e-05,0.21010116,5.027819006905745,2433.62,0.00021746485,0.074615486,4.152078523814322,613.84674,-4.0932946e-06,0.019646104,3.502316951974044,85.1078,0,wav10s_00183.wav
-0.000166528,0.46501467,5.380876784416379,11921.454,6.313727e-05,0.047877777,4.1467522437043005,126.37601,3.39557e-05,0.03567718,3.0558924620804,140.33945,-3.278153e-06,0.01987224,2.2702932331438865,87.07835,0,wav10s_00013.wav
3.6196068e-06,0.81649524,5.809904628643412,36753.88,0.0009645649,0.18095571,4.6575232600709535,1805.3141,0.000116024916,0.07990571,3.743619691655823,703.9711,3.5518221e-06,0.021971432,3.6495834414211386,106.446945,0,wav10s_00091.wav
4.9261354e-05,0.26435232,4.669334728886426,3852.6729,-1.607124e-05,0.014072136,3.830631725031769,10.917332,-1.960973e-08,0.002178903,2.8599202654600364,0.52344865,-5.5645746e-09,0.00020351986,3.026945861843367,0.009133349,0,wav10s_00212.wav
-9.566069e-05,0.7971171,5.820296046970203,35030.004,0.0004964074,0.17269558,4.721430321627061,1644.2275,-0.00011955865,0.07126032,3.724749865034148,559.88007,-1.4591114e-06,0.018388823,3.2120679369458265,74.563156,0,wav10s_00101.wav
-0.000110648325,0.8102554,5.851912647141363,36194.26,3.008354e-05,0.2028922,4.999710609418285,2269.4807,2.8012966e-05,0.08036642,3.8202682032336464,712.1109,-1.5671567e-06,0.025099901,3.088329632746103,138.91861,1,stego_093.wav
0.00086079724,0.6593422,5.701384666639665,23967.262,-0.0001850085,0.11808796,4.402608907731124,768.79083,6.6933208e-06,0.06340386,3.625988076356757,443.2306,-6.677184e-06,0.027611487,3.219697878845301,168.11101,1,stego_299.wav
0.0003831862,0.7134587,5.666464767796744,28062.975,0.00032828364,0.1727999,4.854440868358855,1646.2068,-0.00010958652,0.07977062,4.30125321287455,701.5927,-1.2211959e-07,0.030037124,3.650035346103625,198.94505,0,wav10s_00153.wav
-7.2696916e-05,0.22527309,4.746141444180108,2797.7866,4.764342e-06,0.012441058,4.294140043469131,8.533174,3.2313352e-07,0.0017721995,3.218632832024975,0.3462769,-2.5416353e-08,0.0001643894,3.307429189151852,0.005958873,0,wav10s_00197.wav
-6.0660986e-05,0.293304,5.253156941204264,4742.767,-2.5800603e-06,0.017398065,4.763640035558438,16.68775,9.904934e-08,0.002492589,3.930235280418355,0.68501425,1.06722496e-07,0.00024159542,1.9175638583260992,0.012870456,1,stego_211.wav
-0.00025385577,0.33309004,5.52639345317363,6116.731,1.201837e-05,0.024875168,4.777363414064282,34.113636,1.01444954e-07,0.0038986488,3.937916561251607,1.6758169,-1.8640373e-08,0.00037340258,3.488520351956708,0.03074476,0,wav10s_00209.wav
0.00010198664,0.72073466,5.675344106798812,28638.268,-4.479513e-05,0.1285438,4.15630948795873,910.9576,-8.381747e-05,0.059822366,3.182997471588925,394.57208,1.6882894e-06,0.015378535,2.941020432530744,52.14905,0,wav10s_00096.wav
0.0005697843,0.77539986,5.797739622314463,33147.254,9.45655e-05,0.16550434,4.482204495027131,1510.1315,-0.00011588566,0.08912087,4.098180272878463,875.705,2.4706758e-06,0.031808175,3.8157948744867087,223.09714,1,stego_160.wav
0.0017124219,0.5960253,5.503422729602852,19585.236,-3.016168e-05,0.13899483,4.704227373653011,1065.1067,-7.0865324e-05,0.041714795,3.614028741318204,191.85794,8.653201e-07,0.011043844,2.027652584685295,26.894098,0,wav10s_00182.wav
-0.00011885516,0.67982036,5.7144143896175805,25479.107,0.0006601332,0.12445496,4.498111884142126,853.9501,4.2905514e-05,0.06295933,3.624722300612529,437.03754,-2.355657e-05,0.027936501,3.4380098403800856,172.09207,0,wav10s_00284.wav
-1.4239895e-05,0.40619197,4.7201113563090455,9096.17,-6.985171e-05,0.075132854,3.3812876940563497,311.2118,4.8443995e-05,0.04422309,2.2863603771253787,215.62395,-3.6267775e-06,0.018218348,2.176576870895736,73.187096,1,stego_011.wav
9.34963e-05,0.8071251,5.835377529907922,35915.145,0.0016359187,0.1786023,4.104486679339208,1758.7595,4.3745476e-05,0.0871361,3.416964910475114,837.1333,3.8481573e-07,0.032755047,3.070844651000771,236.57722,1,stego_139.wav
-4.8719263e-05,0.37816396,5.052454623175909,7884.174,0.00028274892,0.07426303,2.8365112870318803,304.05176,-0.00011089348,0.044334993,2.494855763256341,216.7176,5.0703704e-07,0.017766966,2.1010115195122063,69.605415,1,stego_005.wav
-0.0014963781,0.8122429,5.967927435963806,36372.17,0.00033016386,0.09931795,4.46688336189994,543.82135,7.77006e-05,0.05324534,3.692567048208416,312.58096,-8.903598e-07,0.025538603,3.48097811689574,143.81717,0,wav10s_00256.wav
-0.00021620923,0.26127127,4.918108892400794,3763.3923,-6.478399e-05,0.047050536,3.3950909645717338,122.046646,-6.452702e-06,0.0337569,3.3672906573981014,125.63869,-3.7032322e-08,0.012208195,3.0152812173691026,32.863922,0,wav10s_00039.wav
-0.00036412338,0.76092964,5.747420170064855,31921.623,-0.00028948582,0.17687617,4.690928364414759,1724.788,-4.8031583e-05,0.07091719,3.65826955629953,554.5,3.8267754e-06,0.020333653,3.792508539710952,91.169,0,wav10s_00099.wav
-0.007876048,0.7649862,5.927959799996653,32266.291,0.00010334568,0.21231024,5.435280249126754,2485.0654,-7.672198e-05,0.06362921,4.279075291986156,446.38748,-1.4379127e-07,0.01812888,3.2802639759920096,72.470024,1,stego_178.wav
0.00018730621,0.90662664,6.018630155522948,45316.133,7.8498655e-05,0.17854378,4.639551113914699,1757.4597,7.690596e-05,0.09050534,4.140966605933772,903.1234,-5.5376013e-06,0.035327684,3.201746384816321,275.19897,0,wav10s_00087.wav
-0.00018166282,0.2799202,4.858607775123154,4319.809,-0.00039580805,0.05492722,3.1871742779074923,166.33884,-3.663651e-05,0.03573009,3.2138488837884096,140.75603,9.642745e-08,0.012060236,2.5786026362427648,32.07215,1,stego_041.wav
-0.00022328303,0.80051744,5.830912746715676,35329.5,-3.2036478e-05,0.2216331,4.954657162883044,2708.1025,0.0001340594,0.08627339,4.377118027700894,820.6406,9.695768e-07,0.029723676,3.944277295930978,194.8146,1,stego_113.wav
-0.0004634998,0.7602106,5.752755206729374,31861.324,0.00029963307,0.17346087,4.207832364354856,1658.8236,-0.00015456398,0.085308805,4.083086531492559,802.3936,-3.7410496e-07,0.0356232,3.3338209931134144,279.8223,0,wav10s_00120.wav
-0.00018476373,0.60894567,5.468480330891767,20443.396,-1.2242617e-05,0.13546047,4.584708917298814,1011.62836,6.203129e-05,0.08032124,3.5404408675348606,711.31067,-1.0883997e-05,0.035278283,3.3080095361766304,274.42987,1,stego_019.wav
-0.0007547103,0.6340624,5.65845488716282,22164.629,-6.650837e-05,0.09017123,4.038980482171867,448.26218,-5.3466465e-05,0.035744723,4.036090251776816,140.8715,6.1745477e-06,0.010719715,3.2718623283856543,25.338625,1,stego_224.wav
3.0279691e-06,0.8164949,5.809904628643412,36753.848,0.00096441293,0.18095547,4.657550900295306,1805.3092,0.00011602737,0.079905756,3.7436205942765457,703.97186,3.6784313e-06,0.021971548,3.649621292581172,106.44807,1,stego_091.wav
-0.0001593141,0.61082095,5.58426475176718,20569.5,-8.854493e-05,0.07021546,3.489505629791478,271.8079,5.3001855e-05,0.053983472,3.1098321320880937,321.30707,4.1294916e-06,0.027748354,2.7049890490003388,169.78171,0,wav10s_00230.wav
-0.00078821403,0.59064686,5.496966514135498,19233.24,0.00015589398,0.065563865,3.133580601717214,236.98859,6.2870946e-05,0.025834445,3.2939667182525065,73.58666,3.371028e-06,0.008984916,2.656712205890252,17.801006,1,stego_225.wav
-0.00020920335,0.815115,5.833703829111692,36629.727,0.00017690727,0.217673,4.450494260022774,2612.1934,0.00011086274,0.09142842,3.9134908361266474,921.6399,-1.297514e-05,0.033754427,2.9978222724345374,251.23378,0,wav10s_00141.wav
-0.0007878499,0.590647,5.496968137978302,19233.248,0.00015542885,0.065563455,3.133561629589632,236.98566,6.271735e-05,0.025834328,3.293915103242961,73.586,3.5973223e-06,0.008984572,2.656224760053173,17.799644,0,wav10s_00225.wav
0.00034265016,0.64690214,5.6293730703851645,23071.36,0.00015435943,0.09017116,3.505198684277739,448.26257,1.293384e-05,0.06483383,3.3554885053693004,463.4488,9.4871575e-06,0.031246832,3.1959228311396224,215.2923,0,wav10s_00279.wav
0.00026710468,0.41830322,4.856246820058122,9646.692,0.00014562302,0.08316351,3.871520430439898,381.29645,0.00010723381,0.027044015,2.2377063553964964,80.63943,2.9248005e-08,0.0076486417,2.510571058029711,12.899863,0,wav10s_00056.wav
-0.00012930125,0.53583264,5.046084821400736,15829.027,-0.00015422859,0.11199917,3.743989617026769,691.5543,0.00026497923,0.06418222,3.1426083009390497,454.18762,-5.95397e-06,0.027597535,3.0119986482884102,167.94115,1,stego_022.wav
-0.00031750897,0.39997068,5.231562927838147,8819.674,9.531735e-05,0.08219342,4.410096892090541,372.45218,3.7737625e-06,0.04672646,4.273989713807298,240.72656,5.836272e-08,0.010188923,3.903841028787872,22.891436,0,wav10s_00043.wav
-0.0005378572,0.55410707,5.378556741673341,16927.145,4.3102817e-05,0.053880718,3.0884278644528527,160.05264,-7.820664e-05,0.04386553,2.68502046371816,212.15172,-8.528078e-07,0.02057023,2.333354381715937,93.302826,0,wav10s_00231.wav
-0.00033273132,0.67331815,5.741047874046251,24994.049,-0.0003593612,0.12405232,4.449932044319549,848.4169,-3.5059176e-05,0.075170055,3.698671279396146,623.00006,-9.891726e-07,0.031136068,3.0334676102740303,213.76865,1,stego_294.wav
0.00062303606,0.871808,5.931667403102305,41902.297,-0.00031388373,0.15153268,4.56631667696897,1265.9318,0.00011200578,0.07928824,3.678366273801245,693.1332,3.8523942e-07,0.028973378,3.234662024460416,185.10355,0,wav10s_00078.wav
-0.0018027307,0.74473286,5.655285269698363,30577.318,-0.0005072043,0.14068335,4.593518193155385,1091.1564,-3.254135e-05,0.06690669,3.3024793864260924,493.5572,-7.435404e-06,0.024209129,2.8742569243706697,129.23341,1,stego_244.wav
-0.0008091906,0.83227855,5.991241410491781,38188.598,3.5663932e-05,0.21010116,5.027821476243445,2433.62,0.00021783277,0.07461564,4.152090547347192,613.84937,-3.8884546e-06,0.019646255,3.5023331367612216,85.10912,1,stego_183.wav
-0.005922461,0.88077277,6.061869143340971,42770.4,6.1523606e-05,0.25085837,5.560167990990481,3469.3896,-1.5918944e-05,0.05953057,4.892353677074353,390.73154,-6.4614924e-06,0.01396608,3.262560313786301,43.00961,1,stego_187.wav
0.00015126944,0.6656192,5.558013775437287,24425.73,0.00015380561,0.25743616,5.096055068224669,3653.7185,0.00024803483,0.08079077,4.339541134112945,719.6576,6.2954297e-07,0.029155647,3.359269373817832,187.43982,1,stego_084.wav
-0.00015310169,0.56691384,5.418910438593982,17718.627,-1.1729294e-05,0.059477974,2.959176302270928,195.03307,-3.014365e-05,0.02482285,2.9492810359310897,67.936356,2.638614e-06,0.008764598,2.426518411464803,16.938715,1,stego_219.wav
-7.3056035e-05,0.22527313,4.746129262035415,2797.7876,4.5800252e-06,0.0124408845,4.2941358173013695,8.532935,4.6548507e-07,0.0017730343,3.218717194962397,0.34660327,-3.9621597e-08,0.00017948425,1.727779950759203,0.0071034473,1,stego_197.wav
-0.0012664209,0.73907924,5.8186633583617935,30114.738,9.2778515e-05,0.08995565,4.53738390367451,446.12155,0.00017534396,0.05406325,3.196802734449854,322.26062,-4.2702236e-06,0.023350198,2.5716265294790173,120.2258,1,stego_257.wav
-0.00031633227,0.65503573,5.489134637378249,23655.162,-0.00047876188,0.13333856,4.497288682657921,980.19604,-0.00017326583,0.08290881,3.458254343857474,757.882,-7.447256e-06,0.039807543,3.1838615553247998,349.41956,1,stego_021.wav
-0.0006286702,0.16611798,5.16543576886722,1521.3718,6.280478e-07,0.038921777,5.139566830815439,83.51821,-2.4790195e-06,0.0073035113,4.201672092457721,5.8811436,1.5310235e-07,0.0015345326,2.684366023714741,0.51924074,1,stego_053.wav
-1.7088936e-05,0.171152,5.340697957244801,1614.9526,-2.6830381e-05,0.0252508,4.687376143027252,35.151726,2.0085294e-05,0.008526171,3.519593180139973,8.015096,-1.6430465e-07,0.0037009092,2.5566112841205437,3.0201836,1,stego_001.wav
-0.00045168973,0.760972,5.70442041595825,31925.184,0.00031861657,0.1835833,4.653843617690907,1858.0764,0.00015566246,0.075020365,4.003192505958882,620.52386,6.1178503e-06,0.02573803,3.768395153606967,146.07204,0,wav10s_00114.wav
-0.0005256997,0.7498052,5.708472048790942,30995.096,-0.00048262023,0.21149349,4.686394039187451,2465.995,8.2334576e-05,0.08361758,3.716254400596757,770.8927,5.8730507e-06,0.030305048,3.232315501142549,202.51,1,stego_126.wav
-0.000572891,0.19444112,5.411221854344974,2084.3755,-1.0085571e-05,0.05024603,4.930543294123317,139.18726,-1.3885874e-06,0.007024794,3.829699224999697,5.4408336,-1.58367e-08,0.0011460796,2.999944021617888,0.28963166,0,wav10s_00052.wav
-0.00012853555,0.83067995,5.896115728976188,38042.0,6.70625e-05,0.18788916,4.647104506992,1946.2537,-1.27145295e-05,0.07666753,3.8931684825994894,648.0689,-5.290019e-06,0.02394999,3.1370253725614816,126.481544,0,wav10s_00102.wav
0.00084338326,0.52610666,5.233314413871139,15259.65,0.00012681853,0.14965919,4.591223631190455,1234.818,-2.5246736e-05,0.055040915,3.4591983013699843,334.01782,2.8484946e-09,0.014722557,3.02054183249642,47.795055,1,stego_067.wav
0.00020750791,0.8837849,5.9421570601952345,43061.49,5.641345e-05,0.20118076,4.7922958284004284,2231.3552,0.00017133474,0.08646724,3.955883584705363,824.3339,-5.9180807e-06,0.031786136,3.277448641349216,222.78812,0,wav10s_00079.wav
-0.0010451155,0.5553072,5.346462391462372,17000.594,4.5043154e-05,0.05994774,2.8310431260674416,198.12611,5.4153214e-05,0.025329253,2.6326347901042646,70.73674,-4.3113094e-08,0.009208908,2.5727467888377724,18.699621,1,stego_217.wav
-8.406926e-05,0.34835422,5.014400838130863,6690.184,3.956441e-05,0.0760673,4.491164206464986,319.00092,-3.343429e-05,0.039782494,4.052186337734603,174.49487,2.4333204e-08,0.008900685,3.435566047248088,17.468813,1,stego_031.wav
3.547687e-05,0.29440495,4.557303040105673,4778.4395,-2.6039885e-05,0.016202416,3.9139494836105815,14.472933,1.4453265e-07,0.00238124,3.4653239449157764,0.62517935,-1.214012e-07,0.00023246427,1.907263399542943,0.01191596,1,stego_208.wav
-0.00027005107,0.61955166,5.6218627897335045,21161.723,0.0004451845,0.07460217,3.069659539210879,306.84164,-0.000114038914,0.045581084,3.4035963861803045,229.0711,4.741937e-06,0.021326113,3.219220002004118,100.2859,0,wav10s_00233.wav
-2.2242424e-05,0.176534,4.630062714718712,1718.1166,1.2421714e-06,0.010247289,3.554498397128649,5.789137,2.557613e-07,0.001593602,2.632380255877317,0.28,4.6109943e-08,0.00019242712,1.792415278074914,0.008164865,1,stego_193.wav
-0.0001281357,0.8872069,5.930680509259726,43395.6,0.0005771911,0.19118853,4.597229125618876,2015.2246,-0.0005040375,0.07135787,3.696434764560198,561.44037,3.0763606e-06,0.029023176,2.9216119623496417,185.74039,1,stego_140.wav
0.0009574086,0.54545337,5.338310790842062,16402.59,0.00018388435,0.14786167,3.345127762010588,1205.3351,1.9710246e-06,0.05163576,3.2477233489450805,293.96762,-1.3849332e-08,0.015083716,2.969717225744928,50.16874,0,wav10s_00069.wav
0.0001896726,0.6325623,5.573077407798515,22059.848,-8.6265965e-05,0.08731552,3.595473938045453,420.31918,-6.506938e-05,0.063434474,3.381410156117666,443.65924,1.7679677e-05,0.030874748,3.139161249478117,210.19554,0,wav10s_00281.wav
-0.0004281597,0.6102064,5.562720589782341,20528.145,0.00016646863,0.06737854,3.257310833547204,250.28902,8.3430474e-05,0.032538615,2.4687606406700944,116.73451,4.13986e-06,0.013177122,2.175812552405354,38.28756,1,stego_229.wav
-9.868423e-05,0.6025393,5.369229005611604,20015.506,-0.00012864463,0.123522125,4.203719323977088,841.174,0.00027211817,0.078773454,3.213727920805099,684.1687,-9.54434e-06,0.034389153,3.0097970644823,260.77112,0,wav10s_00017.wav
-0.0025962982,0.92086977,6.149670066305272,46751.52,8.327533e-05,0.17022216,5.332441186595855,1597.4535,7.986502e-06,0.07542084,4.35019618421273,627.1638,-8.2002025e-06,0.027726239,3.735441018984287,169.5112,0,wav10s_00243.wav
-0.00022575115,0.8026715,5.842345536006532,35519.887,-0.00044744255,0.19656965,4.916552954962399,2130.2522,3.0212603e-05,0.078425534,3.7087436276887735,678.1306,1.9993286e-07,0.022488147,2.833200519128124,111.51257,0,wav10s_00105.wav
-0.00067926507,0.9026928,6.129752090833357,44923.766,0.0005781722,0.1570376,4.981996112543168,1359.5935,-0.00012802062,0.07661458,4.050937581641855,647.17596,-3.173555e-06,0.030695003,3.885421857628526,207.75517,1,stego_242.wav
3.5130462e-05,0.82707644,5.831927129470163,37712.656,0.00025428183,0.24175853,4.6358188445792425,3222.255,7.7645054e-05,0.094466396,4.023914725983035,983.90515,9.2425836e-07,0.032217447,2.952039302445218,228.87518,1,stego_138.wav
-0.005415446,0.8290225,5.942207977055772,37891.957,-6.2040606e-05,0.17114027,4.734971995922405,1614.7317,-2.1883936e-05,0.060566187,4.329173810127994,404.44437,-4.9697187e-06,0.016119367,3.4920765785165324,57.29445,0,wav10s_00184.wav
-3.6004858e-05,0.49062437,5.140195091457474,13270.709,-5.5496082e-05,0.06554878,3.695879096777809,236.87839,9.764926e-05,0.04099755,2.437386576636563,185.31755,2.9817497e-07,0.0199201,2.059726561574228,87.49827,1,stego_012.wav
1.7623466e-05,0.30712375,5.198103018259127,5200.231,-4.702786e-05,0.052451782,3.82191779735704,151.67596,-4.3946944e-05,0.03834625,2.894550889452186,162.123,6.7514165e-08,0.008532209,2.9907443957889104,16.052382,1,stego_033.wav
-5.8898044e-05,0.19322553,4.890104143429119,2058.3772,-6.5553477e-06,0.010020074,4.467006732281724,5.535259,4.3005746e-09,0.0012684154,3.634760774117988,0.1773868,-1.4629722e-08,0.00013434484,1.710757356898346,0.003979774,1,stego_201.wav
-7.8945035e-05,0.32501882,5.166209375449549,5823.887,-1.5005576e-06,0.020371707,4.544132302246182,22.879717,1.0146892e-07,0.002968638,4.174583543074713,0.97165656,-9.838127e-08,0.00026495502,2.4840627610330803,0.015479641,1,stego_194.wav
-0.00013091216,0.6260874,5.606016461331877,21610.55,-6.374224e-05,0.087054275,3.7152786559786297,417.80765,1.9370427e-05,0.036925245,2.753808851466105,150.32986,-8.506087e-06,0.010436635,3.582334304707208,24.018059,1,stego_288.wav
-0.00031802425,0.3999702,5.231559986125731,8819.651,9.512524e-05,0.08219405,4.410133616242656,372.458,4.1027242e-06,0.046727024,4.27399987954508,240.73236,1.324398e-07,0.010189214,3.903895317806853,22.892742,1,stego_043.wav
-8.016899e-05,0.26794034,5.183472260820497,3957.9663,-9.6301155e-06,0.10250901,3.8353188130179103,579.3219,1.7782177e-05,0.04229227,3.4267022263667304,197.20612,8.967513e-08,0.00834005,3.0158964589215773,15.337471,1,stego_034.wav
-0.0005925775,0.83529925,6.015878642977335,38466.29,0.00013659884,0.117209606,4.549725017046929,757.3958,6.6473105e-05,0.07568143,3.963132002363429,631.50574,5.627005e-06,0.035905622,3.4187811902561664,284.27682,0,wav10s_00269.wav
-0.0013406434,0.779674,5.901336659575944,33513.766,0.00051212555,0.11818406,4.586797493141537,770.05505,7.945999e-05,0.056082472,3.7587402980315168,346.77954,-4.31722e-06,0.0248816,3.276532492285416,136.51273,0,wav10s_00270.wav
0.00017749376,0.63215214,5.389106824136626,22031.25,-0.000121538935,0.09893253,3.3061502845123054,539.6034,-0.00031190392,0.062402014,2.6671446670630345,429.3449,-1.1147195e-05,0.027983887,2.3357613645153177,172.67624,0,wav10s_00133.wav
-3.5617566e-05,0.22463706,4.937830773085895,2782.01,2.2745312e-06,0.02152613,2.5321570619358558,25.54629,2.7137256e-07,0.002613902,1.4857827003625006,0.75331557,-1.4905766e-08,0.0002304921,1.160901022822199,0.011714631,0,wav10s_00246.wav
0.00010236032,0.72073436,5.675344106798812,28638.242,-4.4469714e-05,0.12854378,4.1563030873163065,910.9574,-8.348644e-05,0.0598218,3.182986514699833,394.56458,1.7775834e-06,0.015378696,2.941055988104602,52.150143,1,stego_096.wav
-0.00017956755,0.58194,5.4578367340128455,18670.344,-0.0002660565,0.08459266,3.8291246557178655,394.51685,-6.099762e-06,0.0375973,2.911656364331176,155.8517,-2.3193412e-05,0.012387503,2.683424973208707,33.836514,0,wav10s_00287.wav
-0.001531203,0.6771083,5.726430035314661,25276.352,0.00023564362,0.11382802,4.359894128093223,714.32544,5.7730274e-05,0.06171168,3.801627613723711,419.88788,-1.3014316e-05,0.025737936,3.0453153106732245,146.07103,1,stego_295.wav
8.142457e-06,0.21335337,4.795566884843551,2509.5442,4.9216333e-06,0.03982256,3.360181651019045,87.42875,-9.288654e-07,0.0050283605,3.0230083718124927,2.7877324,9.972196e-08,0.00039059896,2.3002274964115927,0.033641756,1,stego_248.wav
0.00033954313,0.88011605,5.983219737461629,42704.71,-0.0007510515,0.12739094,4.293508932151489,894.7219,-0.00032528938,0.08466761,3.675140248175373,790.38617,1.622416e-06,0.033848614,3.3167292976475347,252.63776,1,stego_073.wav
-3.266389e-05,0.1926051,4.671798528403397,2045.1794,8.854232e-06,0.009771166,3.982989649037121,5.2636743,9.7102706e-08,0.001180905,3.5658917799757064,0.15375464,-9.761005e-09,0.000107291286,3.645193748337391,0.0025383139,0,wav10s_00203.wav
-0.0025954528,0.9208695,6.149668127083322,46751.496,8.307027e-05,0.17022248,5.332429480795094,1597.4594,8.0890795e-06,0.07542051,4.350194111984104,627.1583,-8.082166e-06,0.027725754,3.735418308077736,169.50528,1,stego_243.wav
0.0003060199,0.8638603,5.956272139115784,41141.77,7.1133722e-06,0.13467887,3.894737842044236,999.988,-0.00019533711,0.08687281,3.978716475085467,832.08594,3.4883335e-06,0.035738368,3.424729239753205,281.63455,1,stego_076.wav
-0.0013144667,0.6518524,5.667630482576066,23425.895,6.041893e-05,0.08675828,3.883624608897124,414.97113,-5.1676172e-05,0.032718584,3.535166744599498,118.0289,-2.5444867e-06,0.011351077,3.2055570053142386,28.411268,1,stego_228.wav
0.00032824805,0.42880803,4.93137074904329,10137.294,-0.00013682517,0.10102896,3.751005065211252,562.7149,0.00016206158,0.034598738,2.922513961161541,131.98615,3.1223014e-08,0.010811617,3.073124790476325,25.774942,0,wav10s_00057.wav
-0.00016397815,0.63738084,5.650256201755911,22397.21,-0.00017355115,0.061588015,3.724589303187677,209.11813,1.7990127e-05,0.021900373,3.3213800466382426,52.88123,-1.325309e-06,0.009499384,2.8363534892563407,19.897902,1,stego_259.wav
-5.312718e-05,0.6090843,5.324800081903905,20452.703,-0.0006194001,0.16718589,4.572347751402955,1540.9944,0.00034411775,0.06590776,3.293918503129565,478.94238,1.2222971e-05,0.030440597,2.407977486656831,204.32567,0,wav10s_00125.wav
0.00010255458,0.64309424,5.635262075190649,22800.541,-0.00020830036,0.078228205,3.366275880939948,337.38492,-2.950527e-06,0.050252594,3.1447719311895077,278.42947,-9.5143005e-06,0.02287604,2.8467292810944493,115.39266,0,wav10s_00290.wav
-7.9130485e-05,0.3250189,5.166208568408002,5823.8906,-1.1740126e-06,0.0203716,4.544099474819717,22.879477,-2.0621002e-07,0.0029672505,4.173612870724716,0.9707485,2.3884061e-08,0.00025370353,3.7878358690932137,0.014192846,0,wav10s_00194.wav
1.7472197e-05,0.88191473,5.999179811751231,42879.438,-0.00044971408,0.13781115,4.231783011607456,1047.0543,-0.00019971469,0.09038103,3.88067020264471,900.648,8.217401e-06,0.03236412,3.522331302026832,230.96388,1,stego_075.wav
-0.00014221405,0.5417384,5.528650355381347,16179.875,0.00015195961,0.05458502,4.299959362183307,164.26546,-2.3790582e-05,0.019158881,3.817376427564685,40.47056,-3.3398322e-07,0.0060115815,3.071797217486373,7.9688187,0,wav10s_00273.wav
-0.005568774,0.83778334,5.984690024736442,38697.1,7.64989e-05,0.20298316,5.038395296284178,2271.5166,-3.6997117e-05,0.068579786,4.223706203580702,518.55005,-4.0672817e-06,0.017192725,3.4898036639766987,65.17875,0,wav10s_00177.wav
-9.546994e-05,0.7971174,5.820295937769855,35030.03,0.0004965072,0.17269534,4.721418578694514,1644.2229,-0.00011917163,0.071260065,3.724756024641225,559.87604,-1.5659441e-06,0.018389,3.2121089690329367,74.56459,1,stego_101.wav
0.00037945344,0.7404232,5.667224743814347,30224.287,-0.0001748014,0.16827276,4.591797649550263,1561.0759,-0.0003270247,0.08447762,3.9639677118364136,786.84314,-2.6400562e-06,0.03288186,3.894308622132504,238.41258,0,wav10s_00158.wav
-0.000290201,0.7745556,5.779571813089812,33075.098,-0.000121967234,0.16083929,4.471775889822243,1426.2,-5.8560145e-05,0.07444847,3.8780403497860463,611.09686,-3.5050468e-06,0.027393261,3.678271187930733,165.46416,1,stego_119.wav
0.00065372715,0.80410755,5.834318405387754,35647.12,0.00021513042,0.18281974,4.931690184438735,1842.6492,-5.0628365e-05,0.08277599,4.058332117571885,755.4525,-5.6937843e-06,0.031176336,3.651261208146087,214.32195,0,wav10s_00164.wav
-0.00054423505,0.6165544,5.570026892613448,20957.477,5.5847646e-05,0.0743547,3.556232717930018,304.7986,-0.00013482763,0.045931358,3.0772798153361536,232.60582,-8.017703e-07,0.022312265,2.9982705963944203,109.77508,1,stego_240.wav
-0.0011560483,0.59859776,5.514582915893652,19754.572,8.673255e-05,0.081068665,4.123347423081312,362.3284,7.871874e-05,0.02758227,3.4575130781798484,83.88066,-2.6437242e-06,0.009288637,2.588444308618323,19.02482,0,wav10s_00226.wav
-0.00030022304,0.2901203,5.008261690742681,4640.37,-0.00027698246,0.061286844,3.933779304137618,207.08055,2.1516049e-05,0.044276014,3.499572281512516,216.14012,-9.1289074e-08,0.010009887,3.2197161224842104,22.094025,1,stego_045.wav
-0.00054066244,0.57441103,5.485442158949542,18190.38,6.8378395e-05,0.063975565,3.0598074867839764,225.64445,0.00022134303,0.040589582,2.7606165583088877,181.65205,1.3953706e-05,0.020861331,2.74376770682161,95.9623,0,wav10s_00239.wav
-0.0009406812,0.8655636,5.932449317143614,41304.21,-0.0002777334,0.19577552,4.30913429723332,2113.0684,-0.00021224681,0.08660256,3.715185159453631,826.9181,5.0858575e-06,0.030504044,2.681833915088481,205.17825,0,wav10s_00143.wav
0.0002666067,0.41830343,4.8562538059785645,9646.701,0.0001451317,0.083163574,3.871518522205424,381.29706,0.00010723571,0.027044155,2.237834211995792,80.640274,3.4842397e-08,0.0076488694,2.510942180903712,12.900631,1,stego_056.wav
0.0001864219,0.9066269,6.018631277892741,45316.156,7.821876e-05,0.17854393,4.639553691599761,1757.4625,7.682621e-05,0.090505354,4.140976494284633,903.12366,-5.553354e-06,0.035327807,3.201843220758568,275.2009,1,stego_087.wav
7.670675e-05,0.7806111,5.79769437747233,33594.277,-0.00052588736,0.17591596,4.630351257651091,1706.1224,-0.00024321157,0.086763434,4.054855855572249,829.9944,-5.1104794e-06,0.031100428,3.9973792947180646,213.27956,1,stego_148.wav
-0.00043759108,0.36655787,5.174334493785813,7407.6685,-0.00011407632,0.086241685,4.371988153839154,410.0446,9.608249e-07,0.05150193,4.396547477781311,292.4457,-1.9249447e-07,0.011327028,3.886573399400682,28.291008,1,stego_048.wav
0.0006798717,0.92983824,6.079287358551958,47666.234,-9.886555e-05,0.18822359,4.926605108229322,1953.1884,-0.00033062545,0.09680407,3.838245725983182,1033.2147,2.078306e-06,0.033973,3.747340490342672,254.49794,1,stego_080.wav
-3.6045192e-05,0.3275809,5.101863261434917,5916.0654,6.0447826e-05,0.073241934,4.291583204056538,295.7439,-7.80094e-06,0.041508522,4.276999320144532,189.96465,2.7387673e-08,0.009175829,3.82378398132415,18.565517,0,wav10s_00032.wav
-0.0004844931,0.8073054,5.840271986466205,35931.203,5.5620207e-05,0.1797685,4.746820995676123,1781.6531,-5.0103456e-05,0.081825815,3.609825995069583,738.20874,-1.197444e-06,0.03250854,3.047300624914419,233.02977,0,wav10s_00130.wav
-8.453647e-05,0.34835455,5.014398154281941,6690.197,3.969643e-05,0.07606659,4.491129102980377,318.99496,-3.3344455e-05,0.039782524,4.052181165244839,174.49509,-1.3265983e-08,0.008900432,3.4354479051394944,17.46782,0,wav10s_00031.wav
-3.4990437e-06,0.6571284,5.564673585155437,23806.543,-0.00033625733,0.15894312,4.529328939686033,1392.7759,-8.673244e-05,0.058876682,3.7889376750914097,382.19577,1.4656234e-06,0.014400963,3.3408420258981115,45.729828,1,stego_089.wav
0.00062973914,0.6580753,5.712843148322962,23875.219,-0.00010518786,0.11175849,4.264593608663158,688.58466,1.739014e-05,0.053785075,3.4470683062654763,318.94946,2.3884992e-05,0.022951037,2.828091264803396,116.15064,0,wav10s_00286.wav
0.0001661266,0.75952834,5.729759508029598,31804.154,-0.00033243402,0.12555948,3.82697040584962,869.15656,-2.2582726e-05,0.066322766,3.2169577295358653,484.97977,7.0535684e-06,0.028950807,2.274193278416022,184.81525,1,stego_132.wav
-2.2987948e-05,0.6446554,5.683014142571555,22911.371,-6.760135e-05,0.06740237,4.257840005076076,250.46477,4.7999027e-05,0.04831947,3.005715481815862,257.42047,-4.6899416e-07,0.0220163,2.6239215458370966,106.88214,0,wav10s_00263.wav
-0.0041248244,0.29065552,5.5578083311605,4658.44,-0.00012724788,0.0363172,3.4838020965140624,72.71532,-2.0652603e-06,0.013376755,3.3204352685328784,19.728762,-2.0502744e-06,0.0025591722,3.685654552964858,1.4441615,1,stego_169.wav
-5.0306026e-06,0.12226966,4.629357960497828,824.2013,6.0598454e-06,0.0046231,1.9924147450992464,1.1783199,-4.3998125e-07,0.0015663817,1.2371428348100997,0.27051637,1.5513077e-08,0.00035683892,0.8464142983207482,0.028077662,1,stego_245.wav
-0.00011535707,0.17692666,4.542202854660005,1725.7687,-7.8081587e-07,0.0073232222,3.477984241705174,2.9566526,-6.352299e-09,0.00080825866,2.859768885063932,0.07202761,1.7193571e-07,0.00011368995,0.767442038968262,0.0028501106,1,stego_198.wav
0.0005063373,0.6833167,5.736986000760644,25741.877,-0.00051473215,0.1134571,4.031270735950397,709.6891,-0.00010081296,0.08231324,3.711703817904494,747.0305,-2.5684174e-06,0.034690537,3.3569696323564244,265.3619,1,stego_293.wav
0.0003432877,0.6469019,5.6293730703851645,23071.344,0.00015410499,0.09017119,3.505253790021508,448.26276,1.290507e-05,0.06483395,3.355461150474871,463.45044,9.581855e-06,0.031246917,3.195915731850161,215.29349,1,stego_279.wav
-0.00072664174,0.6349572,5.679991789176213,22227.23,-0.00013477204,0.08072777,4.182696709849498,359.28824,2.2031343e-05,0.03209917,3.325516323765978,113.60201,-5.9462386e-06,0.012572714,3.127004650981321,34.85577,1,stego_236.wav
0.00050607993,0.68331736,5.736987390005913,25741.926,-0.0005149529,0.113456465,4.031257416048164,709.6813,-0.000100850055,0.08231343,3.7117206130810554,747.03406,-2.8534396e-06,0.034690175,3.3569242318202512,265.35638,0,wav10s_00293.wav
0.0005694405,0.7753997,5.79774181792895,33147.234,9.4668045e-05,0.16550253,4.482201070555619,1510.0988,-0.000115991745,0.08911997,4.098165282677215,875.6874,2.2665406e-06,0.031808104,3.8157890369956,223.09613,0,wav10s_00160.wav
0.00038342964,0.6861273,5.603458150390038,25954.064,-5.124207e-06,0.2561822,5.0735710066492,3618.2095,-2.8483142e-05,0.08341873,4.396012388757782,767.22986,3.8545426e-07,0.030104993,3.54606809052291,199.84511,1,stego_083.wav
0.00041431194,0.7920094,5.84174022620787,34582.527,0.00084714295,0.20424683,4.927652436630243,2299.9268,7.6233846e-05,0.09848682,4.193664980757177,1069.4358,4.80575e-07,0.032026205,4.043797634125044,226.16606,0,wav10s_00159.wav
-0.00033930587,0.41947427,5.343705705417308,9700.784,-0.00041561553,0.09391538,4.332714987337108,486.2704,-3.8028258e-05,0.06053569,4.071699833674635,404.03738,2.1775524e-08,0.013611114,3.8052970216952433,40.851105,1,stego_047.wav
-0.00064368907,0.8022149,5.831075935279664,35479.51,7.533468e-05,0.14189954,4.255587011150877,1110.0894,-8.666011e-05,0.07302402,3.3734997749040048,587.9364,3.5179876e-06,0.030566359,2.971916491798808,206.01741,0,wav10s_00127.wav
-0.00028139292,0.17505288,4.290068796585844,1689.4115,1.1697575e-05,0.032833923,3.737158754657487,59.43489,1.4798013e-05,0.021184886,2.100565876650863,49.4824,1.3781587e-08,0.005713142,2.6218801595288443,7.19725,0,wav10s_00038.wav
0.00023957137,0.20268837,4.599131340682325,2264.9268,-1.3342251e-05,0.03239009,3.262950430510484,57.838943,2.9275527e-06,0.03128279,1.9072141117526649,107.89697,-1.6298056e-08,0.0083093,1.6582585526945548,15.224582,0,wav10s_00025.wav
0.00020790246,0.42024732,4.735481054591739,9736.566,-0.00018466346,0.092770204,3.281921697607971,474.47638,-2.8777618e-05,0.038588643,2.626047117881789,164.17902,3.8898356e-09,0.010083267,2.244691636309689,22.419144,1,stego_064.wav
0.0002884017,0.6759922,5.595224877464749,25192.965,0.000316954,0.18528248,5.286700322418733,1892.6305,-0.00027962128,0.08234112,4.298137706813408,747.5442,-3.595994e-06,0.02921045,3.837503048273555,188.14514,1,stego_162.wav
0.00038767132,0.7727131,5.780935787919626,32917.93,-4.7611902e-05,0.17948513,4.925404362522681,1776.0404,0.00013266479,0.08334491,4.182600173215507,765.87427,1.3051847e-06,0.030656727,4.031393218476722,207.23737,0,wav10s_00163.wav
0.00020081934,0.80587804,5.809426717527718,35804.246,-0.0007990802,0.19813897,4.467058685673528,2164.4258,4.966666e-05,0.0866204,3.671963186096944,827.254,1.1072535e-05,0.033517238,2.9973925096688454,247.71532,1,stego_129.wav
0.00050874386,0.30697677,5.612671478491996,5195.2695,-3.5303463e-05,0.043906387,3.5471790648852863,106.280014,1.0780755e-05,0.015025324,3.5359062299480875,24.891218,-7.302688e-07,0.003208142,3.817838992662734,2.2694657,0,wav10s_00181.wav
0.00025721866,0.5382057,5.346431309880235,15969.546,-0.00025252736,0.052095395,2.848855779296293,149.6252,-1.5090434e-05,0.021196488,2.107942330415201,49.536613,-2.0991695e-06,0.0071878475,2.636789052876204,11.392371,1,stego_216.wav
-0.00016211976,0.8453176,5.9452094318226205,39394.516,0.00021696177,0.22900239,5.004260827560685,2891.1877,-1.2646098e-05,0.084163204,3.7244380609984415,780.9851,-1.6345202e-06,0.026930561,3.1607486816189474,159.92166,0,wav10s_00085.wav
0.00068007165,0.92983776,6.079287161397842,47666.195,-9.817929e-05,0.18822367,4.926605297455681,1953.1901,-0.00033073244,0.096804366,3.838248663173942,1033.221,1.9760084e-06,0.033972956,3.7472915579110015,254.49728,0,wav10s_00080.wav
-6.7145724e-05,0.1372868,5.026123638880387,1039.0908,-5.6984186e-06,0.027244268,4.688553656526402,40.92099,1.0304296e-05,0.008689207,3.5523746416854167,8.32452,3.4098514e-07,0.0030797904,2.746925935665194,2.0915046,1,stego_002.wav
-0.00021056288,0.5858301,5.292127586270537,18920.791,0.00040743785,0.10803947,3.903523560665008,643.5272,0.0005313588,0.07638806,3.3573546709691997,643.384,-6.519907e-06,0.03983366,3.272684652464719,349.8783,0,wav10s_00020.wav
-0.00066765747,0.73709583,5.711402329853859,29953.266,-0.00031132935,0.18348856,4.4145442555147145,1856.1587,-0.0002040709,0.09309016,4.190189470073389,955.45013,-3.1989468e-06,0.029857576,3.62073288113076,196.57378,1,stego_109.wav
0.00011834427,0.2936552,4.848379326706068,4754.133,-0.00025482493,0.05488503,3.7459205812598033,166.07834,-2.6843582e-05,0.033679154,3.333459088460395,125.060715,-9.981555e-09,0.010673616,2.869729214430168,25.121159,0,wav10s_00029.wav
-0.00054367806,0.6165537,5.570025622219903,20957.432,5.594438e-05,0.07435476,3.556267070087073,304.79913,-0.00013506021,0.045931406,3.0772576390516315,232.60634,-9.288046e-07,0.022312608,2.998304814968212,109.77846,0,wav10s_00240.wav
-4.303817e-05,0.6649725,5.724948057632569,24378.29,-0.0002593003,0.055575058,3.8892525541920224,170.2806,-1.1979088e-06,0.041061334,3.01055191772374,185.89357,-3.555839e-06,0.020242363,2.710295835189733,90.352234,0,wav10s_00250.wav
-0.00081766007,0.803343,5.935795380920222,35579.38,-0.00030567608,0.12944107,4.972166081401082,923.7244,0.00015775471,0.076130874,3.883508412402621,639.0307,6.9348694e-06,0.03251668,3.542234908540091,233.14651,1,stego_268.wav
-0.004124736,0.29065555,5.557804681677519,4658.441,-0.00012757003,0.036317013,3.483698733296177,72.71458,-2.0765808e-06,0.013376567,3.3202487291758067,19.728205,-2.227084e-06,0.0025582388,3.684548637013065,1.4431083,0,wav10s_00169.wav
0.0001896834,0.6325625,5.573077407798515,22059.865,-8.622205e-05,0.087314695,3.595452242310041,420.3112,-6.515029e-05,0.063435026,3.3814495179718205,443.66687,1.7768443e-05,0.030875001,3.1391540272133733,210.19896,1,stego_281.wav
-0.0006972581,0.64298517,5.636596634803833,22792.828,6.87722e-05,0.09571547,3.781307128553608,505.08017,2.1761727e-05,0.033415776,3.266417952485313,123.11234,-4.8599542e-08,0.010035411,2.982184519023072,22.206848,0,wav10s_00227.wav
-3.9087743e-05,0.37712932,4.835619269886655,7841.092,0.00050559925,0.061414696,3.535540856144445,207.95528,2.5623716e-05,0.020943582,2.337673670385575,48.36162,2.2664603e-06,0.0047796974,1.9398198667145967,5.037527,0,wav10s_00275.wav
-0.000425283,0.78115135,5.897292366554397,33640.805,-9.280654e-05,0.10195099,4.572361639913453,573.0322,0.00043284355,0.0576308,3.56069262888606,366.21167,9.677324e-07,0.027967032,3.207665589368932,172.46829,0,wav10s_00266.wav
7.744144e-05,0.78061134,5.79769272850154,33594.297,-0.0005256169,0.17591515,4.6303384928815285,1706.1068,-0.00024334478,0.08676387,4.05485373049325,830.0028,-5.167134e-06,0.031100722,3.997360895580747,213.28358,0,wav10s_00148.wav
-2.2924134e-05,0.6446554,5.683014399392489,22911.371,-6.805376e-05,0.06740252,4.257845025150206,250.46587,4.7849433e-05,0.04831949,3.0056858924912744,257.42062,-5.0058645e-07,0.022016423,2.62413414597693,106.88333,1,stego_263.wav
-0.00024527378,0.63672894,5.630487025943066,22351.422,7.7322926e-05,0.06388736,3.777983156472501,225.02272,-4.944626e-05,0.022897717,3.301659693218292,57.80756,-7.793195e-06,0.009518422,2.6486115888431274,19.977757,1,stego_258.wav
-0.0008101643,0.7919554,5.924464061953103,34577.832,-8.184392e-05,0.10136228,4.64126911444696,566.4335,9.909421e-05,0.05356442,3.6020495643873724,316.33893,1.3864483e-06,0.025793958,3.475806816998737,146.70755,1,stego_267.wav
-6.497384e-05,0.49637038,5.2002541397140245,13583.372,0.00036083546,0.071437664,3.1731857390735905,281.35938,0.00018712696,0.054397766,2.778743092633235,326.26126,-5.8397613e-06,0.02268921,2.642514095785576,113.515526,0,wav10s_00007.wav
0.00036994184,0.61058,5.524429730724572,20553.29,0.0002459418,0.08352128,3.468156455977128,384.58636,4.7907517e-05,0.05648867,3.444839018407932,351.82065,-1.1415393e-05,0.027063712,3.098487669731525,161.50696,1,stego_280.wav
0.0003784447,0.88447416,5.974700014725943,43128.688,-1.6672806e-05,0.15541881,4.308087552186245,1331.6896,0.00048071495,0.09612485,3.825107670023492,1018.7802,1.2749435e-05,0.037022308,3.5221127174696645,302.234,1,stego_077.wav
0.00019576965,0.8014979,5.82418202706905,35416.09,0.0014918606,0.19631846,4.347746351542624,2124.9233,0.0002534001,0.09796403,3.782697423897305,1058.119,-7.113005e-06,0.03428115,2.844779377786545,259.13568,0,wav10s_00137.wav
-0.00059228507,0.8352987,6.015875774718063,38466.24,0.000136143,0.117209494,4.549712190028864,757.39435,6.664351e-05,0.07568239,3.963144229052002,631.5216,5.8599135e-06,0.035905834,3.418761633082537,284.28015,1,stego_269.wav
-0.00016162914,0.84531754,5.945210274810878,39394.5,0.0002170934,0.22900264,5.004267796598081,2891.194,-1.2142045e-05,0.08416295,3.7244176698963742,780.9806,-1.5915787e-06,0.026930647,3.160801049768497,159.92268,1,stego_085.wav
3.408611e-05,0.56535995,5.420705102423844,17621.627,5.5872202e-05,0.04533286,3.1044884088165507,113.29814,0.000108831955,0.03910075,2.1582260763284875,168.56676,5.5623977e-06,0.01973857,1.9540631008960985,85.91083,0,wav10s_00261.wav
-0.007162395,0.70613045,5.829115973244204,27492.26,-6.2165185e-05,0.12111651,5.147133819798876,808.72833,-6.590211e-05,0.037618626,3.6062589274414094,156.02908,-1.5019198e-06,0.011144109,2.1869148510293943,27.38465,0,wav10s_00174.wav
-0.00028980235,0.78227645,5.803959179121269,33737.773,-0.00043723197,0.17893907,4.598583486350703,1765.2605,4.9925646e-05,0.08795443,3.879605087009769,852.9311,-3.1886711e-06,0.030305078,3.539390854402548,202.51039,1,stego_123.wav
-0.00011527612,0.17692727,4.542203383378486,1725.7804,-1.2455079e-06,0.0073230625,3.477896124874239,2.9565237,-4.619961e-08,0.0008045111,2.858025716555837,0.07136123,-7.517379e-09,8.1637234e-05,3.3390101250349677,0.0014695794,0,wav10s_00198.wav
-0.0024972886,0.9116629,6.128938910490547,45821.332,-0.0003062217,0.15980938,5.02033898372114,1407.998,-0.00021783239,0.08110105,4.35073638763935,725.19434,7.5250873e-06,0.031529374,3.783243536660893,219.20335,0,wav10s_00234.wav
-0.0013482297,0.7708684,5.785206246421703,32761.041,4.377853e-05,0.15680529,4.247205474235484,1355.5557,5.5548677e-05,0.07722825,3.83377920688,657.58356,-8.8808196e-07,0.028970987,3.3718590503492685,185.073,1,stego_111.wav
-0.0005728163,0.19444123,5.4112163475998765,2084.3777,-1.0337707e-05,0.050245874,4.930549461948693,139.18637,-1.7730597e-06,0.007024966,3.829753040083945,5.441101,-1.4679977e-08,0.0011481645,3.00168630865673,0.29068637,1,stego_052.wav
0.0003063468,0.6767586,5.61092361097132,25250.123,0.00011331609,0.21427715,4.815144309624929,2531.3242,-0.00013454113,0.078173324,3.986179678825556,673.77783,8.856118e-06,0.028450755,3.452961181530294,178.48598,1,stego_082.wav
0.00014990102,0.7684415,5.785607886528432,32554.984,-0.00023574987,0.13785389,4.380365959145709,1047.6958,0.0001295348,0.061528087,3.254947680761292,417.3948,-4.556311e-06,0.016584054,3.3955347912605025,60.6454,1,stego_090.wav
-0.0068689645,0.81701684,5.938264839364756,36803.457,6.80856e-05,0.16937391,5.014051848710566,1581.5719,-1.4865633e-05,0.059562605,4.507359338796561,391.1521,-3.462502e-06,0.016529255,3.299854459431481,60.24529,0,wav10s_00176.wav
-0.0009542539,0.76408553,5.765528166402821,32186.998,-0.0008626672,0.18837762,4.67341226464097,1956.4265,-2.8258872e-05,0.08917899,3.7581048771751857,876.84607,-4.337367e-06,0.027626023,3.784766165190205,168.28804,1,stego_122.wav
0.00065549894,0.6801227,5.775096312587855,25501.799,-0.000631259,0.13916582,4.551412610417936,1067.751,-0.00015560634,0.08915643,4.027780307704341,876.4052,-1.1358426e-05,0.03686678,3.341541019821981,299.7001,0,wav10s_00297.wav
-9.322912e-05,0.32888177,5.251959304137406,5963.1465,2.648432e-06,0.020452457,4.675205202825837,23.061462,3.6035794e-07,0.0029954375,3.814329940822751,0.9892792,1.326952e-07,0.00028911975,2.5658915627041305,0.018431986,1,stego_206.wav
0.0005525866,0.77407277,5.787174573747249,33033.89,0.00020827277,0.18822819,4.997652113874416,1953.2856,-8.626788e-05,0.09046086,4.12120674835227,902.23584,7.5806014e-07,0.033116616,4.037808657971252,241.82901,0,wav10s_00155.wav
-9.1562135e-05,0.24357553,5.418452496573796,3270.8694,-7.883728e-06,0.013351203,4.871756665743256,9.827361,1.1574952e-07,0.001739525,4.186485771922015,0.33362582,9.83135e-08,0.00017242537,1.5720229221687718,0.0065556974,1,stego_195.wav
0.00025681645,0.53820586,5.346433725559781,15969.554,-0.00025250428,0.052095037,2.848824350029146,149.62314,-1.5132017e-05,0.021196168,2.1079279248332,49.53512,-2.0769287e-06,0.0071874023,2.636650717914695,11.39096,0,wav10s_00216.wav
0.00020721661,0.42024636,4.735481054591739,9736.523,-0.00018485496,0.09277063,3.281938870259304,474.4807,-2.8974651e-05,0.038588684,2.62609922063332,164.17935,4.9577564e-10,0.010083003,2.244213647152716,22.417969,0,wav10s_00064.wav
-0.0003828877,0.8147455,5.873922109561846,36596.53,-0.0007318158,0.19199663,4.69394185776099,2032.3076,-8.857875e-05,0.070399374,3.6561001762455456,546.4325,-1.6716924e-06,0.017406827,3.49828758202843,66.81218,1,stego_107.wav
0.00014282211,0.67225015,5.693766256621395,24914.816,0.0003671125,0.08904196,3.552201736846843,437.11194,-0.0001478831,0.0708925,3.657399990277447,554.1161,-2.841631e-05,0.032497194,3.563407965845093,232.86731,1,stego_292.wav
-7.330904e-05,0.26218385,5.137133954429569,3789.7253,-6.9012235e-06,0.013694107,4.531078882314729,10.338639,-6.880038e-08,0.0017744941,3.810914107206098,0.34717417,-9.780328e-09,0.00016639085,2.0201347235929283,0.0061048544,1,stego_199.wav
-4.9010025e-05,0.3781639,5.052458953205441,7884.17,0.00028270954,0.07426298,2.836435813772867,304.05133,-0.00011110441,0.044334937,2.494837429920893,216.71706,4.5568984e-07,0.017766867,2.100910546818444,69.60464,0,wav10s_00005.wav
-6.0639388e-05,0.29330364,5.253163951399387,4742.756,-2.3782427e-06,0.017398013,4.7636346266942855,16.68765,2.3113346e-07,0.002491227,3.929704099382958,0.6842658,2.8304022e-08,0.00022806498,1.912137850510987,0.011469215,0,wav10s_00211.wav
0.00031629245,0.76319677,5.737005564972139,32112.12,-0.00068554335,0.19604345,4.645702502264482,2118.8772,-5.9099817e-05,0.08795755,4.066707702934562,852.99164,-2.8668245e-07,0.030849284,3.849124571530591,209.84886,0,wav10s_00151.wav
-0.0001282971,0.83067924,5.896114826524697,38041.93,6.660776e-05,0.18788914,4.647102598439414,1946.2529,-1.23181435e-05,0.07666746,3.893179129667149,648.0677,-5.2119235e-06,0.023950119,3.137054776690246,126.48292,1,stego_102.wav
-0.00013150035,0.78548616,5.833291335189048,34015.195,0.00041299497,0.20491885,4.889174103872124,2315.0557,0.00017321677,0.08243364,4.0035961990835816,749.21967,-8.739016e-07,0.021853937,3.631159200813903,105.311516,0,wav10s_00094.wav
-0.000540883,0.5744115,5.485442158949542,18190.412,6.7839384e-05,0.06397521,3.0597798710641766,225.64189,0.00022168143,0.040589657,2.760623125413785,181.65276,1.3865559e-05,0.020861844,2.743794774229785,95.96702,1,stego_239.wav
0.0018155957,0.6677866,5.737670340986552,24585.24,0.0006929852,0.12579834,4.369313001558096,872.4869,9.27694e-05,0.07538569,3.8822783299707178,626.58044,3.3441815e-05,0.032754444,3.3703701232284846,236.56876,0,wav10s_00296.wav
6.876949e-05,0.23889217,4.638924977066925,3146.2969,0.00018206719,0.044366527,3.647524522669411,108.521065,-1.383736e-05,0.028480837,3.0832970683088914,89.43426,6.354455e-08,0.010217024,2.977467142445735,23.017881,0,wav10s_00027.wav
-0.0004094844,0.36697358,5.142640064833039,7424.4785,-0.00011441796,0.08308006,4.596788227173681,380.5312,-8.32317e-05,0.0472245,4.307611737572709,245.8863,-2.332418e-09,0.010036207,3.4988393460015037,22.210363,1,stego_044.wav
-2.9652047e-05,0.60701644,5.526638336584987,20314.06,-0.00010146833,0.053991124,3.759637624357009,160.70972,8.405745e-05,0.03620035,2.320611543152108,144.48611,5.929486e-06,0.017579876,2.158102928884601,68.147224,0,wav10s_00260.wav
-0.00011979317,0.5654385,5.5717200507632,17626.523,4.506956e-05,0.049517196,3.7082696287171193,135.17873,2.5650832e-05,0.019113535,3.392146923481702,40.279224,5.596788e-10,0.0053358846,3.124567781429476,6.2781153,0,wav10s_00272.wav
-1.420138e-05,0.40619177,4.720110643239138,9096.16,-6.956414e-05,0.07513284,3.381337742923014,311.21164,4.8363276e-05,0.044223014,2.286298473521461,215.62323,-3.6128056e-06,0.018218111,2.176269487166133,73.18519,0,wav10s_00011.wav
-0.005568688,0.8377828,5.984691959171062,38697.055,7.6345015e-05,0.20298362,5.038394134936556,2271.527,-3.7038273e-05,0.068579994,4.223718565383804,518.55316,-4.220946e-06,0.017192867,3.4898527654848404,65.17981,1,stego_177.wav
-0.0004126551,0.605078,5.546446932213223,20184.537,-0.0002550266,0.074742205,4.134905251133028,307.98724,-3.3073058e-05,0.028884357,3.936535493214938,91.98654,2.1016672e-06,0.009927157,3.154309638640463,21.73033,1,stego_222.wav
-0.007832428,0.6119121,5.651374987335628,20646.436,3.32216e-05,0.08151384,4.982407285547266,366.31827,-6.3606844e-06,0.025342803,3.781446390520569,70.81212,-1.9144654e-06,0.0062692943,2.1108260782668244,8.666702,0,wav10s_00173.wav
-0.000168981,0.73999226,5.714726786422935,30189.11,-0.00027084505,0.18877661,4.364595398392461,1964.686,-0.00010159327,0.08081009,3.822803544540064,719.99615,4.2780384e-06,0.028304014,3.2960812294110746,176.64955,0,wav10s_00110.wav
-2.4050969e-05,0.28995627,5.112355127901755,4635.119,3.8857684e-06,0.032072984,3.089593493066675,56.71196,-2.6586022e-07,0.0042197173,2.903636174394047,1.9632019,2.3195634e-08,0.00037307836,2.408327185970044,0.030691395,0,wav10s_00247.wav
0.0002393542,0.20268841,4.599137624749519,2264.9275,-1.365228e-05,0.032390296,3.2629937714211743,57.83967,2.9241198e-06,0.031282894,1.9072400246817631,107.89769,7.205332e-08,0.00830956,1.6589406873729902,15.225531,1,stego_025.wav
-0.00037186465,0.7490077,5.75159914695131,30929.186,-0.00015820947,0.17916733,4.621126235433407,1769.7579,-0.00038610943,0.079140626,3.940015812928984,690.5699,1.9676354e-06,0.032963395,3.381105459579438,239.59645,1,stego_112.wav
-0.00040148597,0.64260215,5.624620816633746,22765.664,-0.00025956973,0.07091638,3.1895649719921053,277.2649,-4.8285314e-05,0.05025895,2.980440549013687,278.50018,-2.9330131e-05,0.02476159,3.2123394615491976,135.19922,1,stego_291.wav
0.00089494453,0.4951145,5.174891207627311,13514.767,-0.00017754639,0.12889065,4.618264480960718,915.88196,2.0253927e-05,0.049249336,3.4327264410553613,267.42322,9.208535e-09,0.0139267165,2.846018158859022,42.7675,0,wav10s_00058.wav
-0.00041051183,0.8049345,5.817560625819184,35720.46,0.000107318054,0.19654244,4.897417777274486,2129.6523,-0.00012876779,0.0794095,4.143449952048173,695.2554,3.0368813e-07,0.028302226,3.561250824413542,176.62723,0,wav10s_00121.wav
0.00016029623,0.25719732,4.682524429487934,3646.9424,-6.264375e-05,0.04659746,3.9256600478192474,119.707436,-2.0528762e-05,0.028526803,3.358191291502239,89.7232,-2.4138177e-07,0.010213263,2.7374292857635543,23.000937,1,stego_028.wav
0.00030613318,0.8638602,5.956273177718261,41141.758,7.532511e-06,0.13467897,3.894748269264337,999.98956,-0.00019529187,0.08687266,3.978742554995285,832.08295,3.486555e-06,0.035738308,3.4247344016922585,281.6336,0,wav10s_00076.wav
0.0006384059,0.79552764,5.824231068138201,34890.46,0.000118931894,0.18370187,4.677039204669388,1860.4722,-7.059607e-05,0.08537477,4.128680766926391,803.6329,1.9463112e-06,0.031672396,3.5543115873450604,221.19652,1,stego_145.wav
-0.007875784,0.76498634,5.927958729364494,32266.307,0.00010318915,0.21231021,5.435289962484244,2485.065,-7.66826e-05,0.063629374,4.279075662630706,446.38974,-1.3767522e-07,0.018128894,3.280286638876247,72.47014,0,wav10s_00178.wav
-0.0003799893,0.39295718,4.986883191283399,8513.081,0.00030363692,0.08387347,3.446469159811828,387.83838,-1.9630294e-05,0.049539264,3.414134398963129,270.58112,-1.03381204e-07,0.010698784,2.765869457978801,25.239763,0,wav10s_00046.wav
-0.00013656943,0.27745193,5.045863552876554,4243.962,1.4747668e-06,0.015730372,4.405027826481058,13.641868,8.9785015e-09,0.0023385002,3.5976561974069106,0.60293865,-4.6634458e-08,0.0002205796,1.9994652308328968,0.010728702,1,stego_207.wav
-0.00015985782,0.61082155,5.5842707897019945,20569.541,-8.922779e-05,0.070215434,3.4895362936032366,271.8077,5.3042673e-05,0.053983547,3.1098321536202964,321.308,4.077609e-06,0.027748466,2.7051770747562407,169.78308,1,stego_230.wav
-0.0008988846,0.77509636,5.90096151913826,33121.33,0.00025051177,0.114607476,4.215496161111626,724.1422,5.2407246e-05,0.05428545,3.495217178800494,324.91187,7.2536477e-06,0.020946654,3.087234177346753,96.74885,0,wav10s_00235.wav
0.00033065942,0.6206057,5.470482086983028,21233.793,0.00038903992,0.15652595,4.99724820877905,1350.7388,-2.9695899e-05,0.082332306,3.835220680026688,747.37585,-9.2850763e-07,0.024269955,3.382353017108118,129.88364,0,wav10s_00166.wav
-0.00050382054,0.85456425,5.939084852949888,40261.086,0.0006095131,0.16697149,4.561305226842652,1537.044,-0.0001925482,0.091286145,3.6418289762761504,918.77673,-7.2007e-06,0.033474945,2.754801025500893,247.09062,0,wav10s_00128.wav
-0.00021492864,0.27424145,5.293860708000092,4146.3154,1.6236076e-05,0.016009597,4.122131300748373,14.1304865,-5.158565e-07,0.0024994307,3.3608443359643303,0.68878,-4.8467783e-08,0.0002592921,2.065214380514216,0.014825012,1,stego_210.wav
-8.038364e-05,0.1399001,4.7474787085937935,1079.0264,9.099099e-05,0.027835252,3.170021705583193,42.716022,8.959075e-06,0.017621258,2.041212842814338,34.23515,2.8952185e-08,0.004327933,1.925636044503076,4.1302614,0,wav10s_00036.wav
-6.303719e-05,0.35500973,5.000817243038685,6948.2656,1.0244485e-05,0.021075444,4.291898912503688,24.487785,4.0388878e-07,0.0031511264,3.775034039892522,1.0947878,-2.9907227e-07,0.00029092695,2.3316659779424773,0.018663144,1,stego_205.wav
7.066522e-05,0.6268165,5.600102571149263,21660.914,1.063331e-05,0.05641858,3.684266690820203,175.48508,-0.00011123487,0.027567355,3.012918911437496,83.79066,2.3455275e-06,0.011961463,2.9174534336610742,31.54896,1,stego_254.wav
1.7298786e-05,0.3071237,5.1981043564077805,5200.2295,-4.689791e-05,0.05245204,3.821923449439645,151.67746,-4.4132757e-05,0.038346145,2.894502844632188,162.1221,-2.1371296e-09,0.008531897,2.990458854601758,16.051208,0,wav10s_00033.wav
0.00012645755,0.80810815,5.864452927081644,36002.684,-0.00021165125,0.17618847,4.721357149237875,1711.3998,-0.00016340891,0.08356477,4.406919663042212,769.9215,5.0430635e-06,0.031944454,3.9731658170768496,225.01288,1,stego_165.wav
-0.00020368438,0.73695874,5.724636364968114,29942.104,-3.67733e-05,0.19145712,4.500494552842428,2020.8728,-0.000113234135,0.08134516,3.71788568448357,729.5627,-7.457737e-07,0.025490863,3.254064710421352,143.28,1,stego_118.wav
-0.0009593743,0.64815813,5.62903632206404,23161.076,0.00022263904,0.08272916,3.773441251313292,377.32562,3.0377243e-05,0.034854792,2.711366593196597,133.94412,-4.3220084e-06,0.010276994,3.346730685623432,23.288893,0,wav10s_00289.wav
8.302929e-05,0.4044667,5.285414741932248,9019.063,0.00030695082,0.08042825,4.708737030590685,356.63132,-3.4573866e-05,0.045255583,3.68118402783,225.80984,1.633182e-08,0.010078735,3.386658992078028,22.398996,0,wav10s_00030.wav
-0.0001427923,0.54173833,5.528652636440842,16179.869,0.00015154012,0.054585077,4.299960521510248,164.26578,-2.360512e-05,0.019159151,3.8175419481449127,40.471703,-5.4403824e-07,0.0060120737,3.07245750124987,7.9701233,1,stego_273.wav
6.632097e-05,0.7695877,5.787479314327136,32652.174,-0.00042529055,0.19538641,4.689013824384598,2104.6826,-4.555855e-06,0.079770036,3.9940076037087033,701.5811,-6.261537e-06,0.019528905,3.530599571935949,84.09539,1,stego_106.wav
0.000899536,0.6937627,5.72849502044319,26534.965,-8.943702e-05,0.12147602,4.529300284753615,813.5368,-0.00038385103,0.08048131,3.7360064518612286,714.1644,-1.632634e-05,0.034492847,3.2492112452433197,262.34613,1,stego_285.wav
7.9341065e-05,0.90279716,6.018331779775578,44934.117,-0.00030045235,0.19320579,4.693110157454658,2057.961,2.091571e-05,0.0921945,3.863700106184933,937.1482,2.1210826e-06,0.035218988,3.549769373010097,273.50812,0,wav10s_00086.wav
0.00024995388,0.38305202,4.898432654371075,8089.311,0.0002130654,0.1032177,4.423242699886166,587.3623,0.000106926775,0.0432153,3.360896237634016,205.90933,2.1981903e-07,0.010186954,3.10206466163675,22.882591,1,stego_055.wav
0.00086019584,0.5148345,5.203193494759375,14612.766,-0.0002336622,0.15174955,3.419200350832319,1269.5555,-3.650181e-05,0.042841148,2.898870669696368,202.35818,-5.790942e-09,0.010176592,2.62904961798891,22.836058,0,wav10s_00061.wav
-2.1969296e-05,0.56529725,5.433097147679006,17617.713,-4.102596e-05,0.05662856,3.567154482198494,176.79385,7.7601646e-05,0.040709518,2.840012050198625,182.72238,8.4922806e-07,0.017668838,2.696107690943705,68.83867,1,stego_264.wav
-0.00020332156,0.7369585,5.724636528229378,29942.084,-3.686223e-05,0.1914569,4.500481994053161,2020.8679,-0.00011324958,0.081345245,3.71789746257765,729.56415,-7.734106e-07,0.025490552,3.254037497622916,143.27649,0,wav10s_00118.wav
0.00038568838,0.6582196,5.53106863449724,23885.68,0.0005411347,0.1642091,4.803119655664482,1486.6028,-0.00024388063,0.08656903,4.609524669701789,826.2793,4.9855686e-07,0.029245023,3.914026556106436,188.59076,0,wav10s_00147.wav
0.00058036734,0.60241026,5.541274754942223,20006.953,0.0007353377,0.07910522,3.514759696717771,345.0196,-3.393613e-05,0.05625678,3.0890321433584864,348.93787,-2.1222172e-06,0.02811618,2.675127065599054,174.31273,1,stego_278.wav
-8.108275e-05,0.54551643,5.324389435092396,16406.334,8.9790694e-05,0.056655474,3.697559229000659,176.96231,-5.08087e-05,0.046627596,2.977524755069457,239.70926,-5.2097344e-06,0.022687769,3.075819680619776,113.5011,1,stego_016.wav
0.0006795891,0.52129865,5.282700698729302,14982.001,-0.00017795143,0.14300129,4.192956872745663,1127.3959,9.175898e-06,0.042230744,3.16585705445772,196.63268,-2.7616084e-08,0.010284766,2.8162096195899995,23.324118,0,wav10s_00062.wav
-0.00011324204,0.18693794,4.361190390625133,1926.5975,0.0001332434,0.031100348,2.9468589690075766,53.325424,-6.7207757e-06,0.023508975,1.912890269579428,60.934856,-2.9886316e-08,0.0057178666,2.210773300877145,7.209158,0,wav10s_00037.wav
-0.0043180687,0.8833558,6.062365877631011,43020.71,0.0001571347,0.22197194,5.095257524118146,2716.3906,-0.00022360178,0.0768928,4.442110088746431,651.8885,2.0833372e-06,0.019751957,3.7094365613107207,86.02738,1,stego_185.wav
0.00031061645,0.7371197,5.720251075377309,29955.184,-5.307058e-05,0.21526285,4.728784448225414,2554.6655,6.199416e-05,0.07283357,4.243875992747807,584.8732,-1.0714896e-06,0.02413495,3.569793061170873,128.44266,1,stego_117.wav
-8.185123e-05,0.28867587,4.895279468315068,4594.274,-9.033317e-06,0.01757621,4.184405635725083,17.03125,-1.1387911e-07,0.0027681892,3.522102322466024,0.8448699,4.597167e-09,0.00027032854,3.140636362842502,0.016113887,0,wav10s_00204.wav
0.00011815691,0.29365543,4.848374470758676,4754.14,-0.00025493943,0.054885067,3.745961474381489,166.07858,-2.6893325e-05,0.03367933,3.3334956318286952,125.06201,-7.415496e-08,0.010673831,2.869975391363018,25.122171,1,stego_029.wav
0.0001953902,0.80149764,5.824178524662965,35416.07,0.0014914434,0.19631863,4.347750118549711,2124.9265,0.00025348327,0.09796395,3.7827061054448423,1058.1173,-7.0314068e-06,0.034281425,2.844772173326949,259.13983,1,stego_137.wav
-0.00089807285,0.7750961,5.900956804848771,33121.312,0.0002502669,0.11460731,4.215497539798801,724.14014,5.2415075e-05,0.05428551,3.4951864949861933,324.91257,7.169798e-06,0.020946752,3.087238534564974,96.74975,1,stego_235.wav
1.783906e-05,0.8819147,5.999179811751231,42879.43,-0.00044933468,0.13781115,4.231768523437712,1047.0544,-0.00019983969,0.090381026,3.880664552534402,900.64777,7.990682e-06,0.032364074,3.522343770165183,230.9633,0,wav10s_00075.wav
-0.00011079737,0.81025535,5.851912647141363,36194.258,3.0381623e-05,0.20289224,4.999709269169129,2269.4822,2.7758595e-05,0.08036636,3.820257293995097,712.1097,-1.5677332e-06,0.02509982,3.088289626190632,138.91772,0,wav10s_00093.wav
-0.00034952373,0.67308134,5.721188983762868,24976.47,-0.00016259491,0.06912278,3.89099159792376,263.41507,0.00015264023,0.04854071,3.0814362619320685,259.78546,-9.295824e-06,0.020929934,3.029800913061768,96.59447,1,stego_252.wav
0.0006225413,0.871808,5.931672381177815,41902.297,-0.00031439547,0.15153289,4.566310846775569,1265.9353,0.00011185649,0.079288304,3.6783919789442807,693.13434,3.9478897e-07,0.028973505,3.2347486500506437,185.10516,1,stego_078.wav
0.00021667629,0.81130725,5.872507320875,36288.3,-0.0010032795,0.17795083,4.666958909526764,1745.8613,1.820453e-06,0.086375065,4.343912612180248,822.57416,-2.654084e-06,0.032354306,4.058031963785191,230.82387,1,stego_146.wav
-0.00050914974,0.78842604,5.736897589508518,34270.3,-0.00041870205,0.1988836,4.764021138751358,2180.6987,0.00031630578,0.0743197,4.265137384462765,608.99536,2.8083564e-06,0.028042363,3.2503233334669077,173.39865,0,wav10s_00116.wav
8.701383e-06,0.21335289,4.795562753613185,2509.533,5.0768144e-06,0.039822523,3.3600447999654666,87.4286,-1.2775293e-06,0.0050274376,3.021541456562441,2.7867098,2.8663155e-07,0.00038316584,2.3037502443825324,0.032373555,0,wav10s_00248.wav
6.9921254e-05,0.6268173,5.600102571149263,21660.969,1.0675029e-05,0.05641847,3.68420544515133,175.4844,-0.000111471316,0.027567202,3.01284850283229,83.78971,2.3693215e-06,0.011961229,2.91729127197031,31.547731,0,wav10s_00254.wav
-0.00033888003,0.41947427,5.343702461802232,9700.783,-0.00041597956,0.09391531,4.332714987337108,486.26978,-3.8073176e-05,0.060535688,4.071696101285244,404.03732,1.1794629e-08,0.013610637,3.8052680728844304,40.848244,0,wav10s_00047.wav
0.00045493935,0.7658054,5.775316168665093,32332.025,-0.00023030862,0.18607666,4.960639094634301,1908.8877,7.435279e-05,0.089132376,3.97482991297162,875.93036,-5.0044373e-06,0.031863105,3.7645699091698743,223.8683,0,wav10s_00149.wav
0.00033074376,0.6206058,5.470483425822573,21233.8,0.00038845732,0.156526,4.997250909358764,1350.7393,-2.9537834e-05,0.08233254,3.8352212119609694,747.37994,-1.0375821e-06,0.024270136,3.3824328189065644,129.88554,1,stego_166.wav
-0.00029038265,0.78227717,5.803959179121269,33737.84,-0.00043710638,0.17893955,4.598589556801842,1765.27,4.968807e-05,0.08795449,3.8795978870521983,852.93225,-3.0770864e-06,0.030305026,3.5393523996575778,202.50969,0,wav10s_00123.wav
-9.140072e-05,0.24357581,5.418452440643724,3270.8772,-7.960025e-06,0.013351113,4.871705983747494,9.827227,1.5473236e-07,0.0017379767,4.185266648594093,0.33303213,5.7666036e-09,0.00015557933,3.5983024815417783,0.0053372835,0,wav10s_00195.wav
0.0008994203,0.6937629,5.728495498623907,26534.98,-8.9082714e-05,0.12147579,4.529301073708948,813.53375,-0.00038398072,0.08048135,3.735990140013533,714.16516,-1.6229607e-05,0.034492683,3.2491466036102787,262.34366,0,wav10s_00285.wav
-1.7702532e-05,0.17115185,5.340681426105926,1614.9495,-2.6572294e-05,0.025250468,4.68734079726014,35.150803,2.0121213e-05,0.0085256975,3.5194822875088674,8.014206,1.2171582e-08,0.0036999262,2.556004591126387,3.0185795,0,wav10s_00001.wav
0.0007785274,0.81542796,5.862009132093203,36657.89,0.0002482239,0.17892013,4.686296800651502,1764.8798,-0.00019846641,0.08299135,4.241487786985871,759.3927,3.5239756e-07,0.030879432,3.875434984207984,210.25925,1,stego_154.wav
-0.0004843508,0.8073061,5.840269847526279,35931.266,5.5457447e-05,0.17976803,4.746820995676123,1781.6433,-4.9946117e-05,0.08182582,3.609820328421553,738.20874,-1.5185864e-06,0.032508586,3.047308815368057,233.03043,1,stego_130.wav
0.00010176861,0.6430942,5.635258690094744,22800.537,-0.00020889418,0.078228414,3.366266494652233,337.3867,-3.2278542e-06,0.05025265,3.1447979694331933,278.4301,-9.366325e-06,0.022876078,2.846695794388785,115.39305,1,stego_290.wav
-0.005922553,0.8807731,6.061868412553371,42770.43,6.1968225e-05,0.25085822,5.560173495703911,3469.3857,-1.596574e-05,0.05953067,4.892359094833554,390.73285,-6.5166564e-06,0.013965829,3.2625072765607763,43.008068,0,wav10s_00187.wav
-0.00025407007,0.33308965,5.526391060963913,6116.7173,1.2037041e-05,0.024874909,4.777350884897345,34.112926,3.383838e-07,0.0038993082,3.9382592040496895,1.6763835,2.7128229e-09,0.00038144775,2.9696682779892387,0.03208386,1,stego_209.wav
-0.00022310353,0.8005173,5.830915628447574,35329.49,-3.2141983e-05,0.22163321,4.954666175841493,2708.1057,0.0001339085,0.086273454,4.377122114471415,820.6419,1.0217145e-06,0.029723497,3.944294197708236,194.81226,0,wav10s_00113.wav
-0.00030172238,0.8313093,5.908390771515655,38099.67,-0.00085128506,0.16947348,4.48502341118565,1583.4719,0.00014847398,0.08460616,3.3973094216552013,789.23004,2.782199e-06,0.03196839,2.6637650626043494,225.35023,1,stego_136.wav
-0.0068514207,0.6557407,5.184264960349569,23708.69,9.600738e-06,0.17477763,4.792745334038428,1684.0988,-6.1271974e-05,0.042489868,3.74110190973623,199.05356,-4.503323e-07,0.011566061,2.645793313637573,29.497644,1,stego_189.wav
